Version,File,Width,Height,Compression,Transparency,Colorspace,Bytes
Detailed,Big-Bones_DIF.dds,2048,2048,None,Blend,srgba,16777344
Original,Big-Bones_DIF.dds,2048,2048,DXT5,Blend,srgba,5592560

Detailed,bird_diffuse.dds,512,512,None,Blend,srgba,1048704
Original,bird_diffuse.dds,512,512,DXT5,Blend,srgba,349680

Detailed,Boneyard Wolf_DIF_HI.dds,1024,1024,None,Blend,srgba,4194432
Original,Boneyard Wolf_DIF_HI.dds,1024,1024,DXT5,Blend,srgba,1398256

Detailed,bull_diffuse.dds,1024,1024,None,Blend,srgba,4194432
Original,bull_diffuse.dds,1024,1024,DXT5,Blend,srgba,1398256

Detailed,cage_beast_diffuse.dds,2048,2048,None,Blend,srgba,16777344
Original,cage_beast_diffuse.dds,2048,2048,DXT5,Blend,srgba,5592560

Detailed,Crab-Monster_DIF_HI.dds,2048,2048,None,Blend,srgba,16777344
Original,Crab-Monster_DIF_HI.dds,2048,2048,DXT5,Blend,srgba,5592560

Detailed,Crimper_DIF_HI.dds,4096,4096,None,Blend,srgba,67108992
Original,Crimper_DIF_HI.dds,4096,4096,DXT5,Blend,srgba,22369776

Detailed,Dog1_Fur2_D_LO.dds,256,256,None,Blend,srgba,262272
Original,Dog1_Fur2_D_LO.dds,256,256,DXT5,Blend,srgba,87536

Detailed,Dog1_Fur_D_LO.dds,256,256,None,Blend,srgba,262272
Original,Dog1_Fur_D_LO.dds,256,256,DXT5,Blend,srgba,87536

Detailed,Dog_D.dds,1024,1024,None,Blend,srgba,4194432
Original,Dog_D.dds,1024,1024,DXT5,Blend,srgba,1398256

Detailed,Dog_N.dds,1024,1024,None,Blend,srgba,4194432
Original,Dog_N.dds,1024,1024,DXT5,Blend,srgba,1398256

Detailed,elephant_turtle_diffuse_HI.dds,2048,2048,None,Blend,srgba,16777344
Original,elephant_turtle_diffuse_HI.dds,2048,2048,DXT5,Blend,srgba,5592560

Detailed,flesh_insect_diffuse.dds,1024,1024,None,Blend,srgba,4194432
Original,flesh_insect_diffuse.dds,1024,1024,DXT5,Blend,srgba,1398256

Detailed,flesh_insect_diffuse_red_HI.dds,1024,1024,None,Blend,srgba,4194432
Original,flesh_insect_diffuse_red_HI.dds,1024,1024,DXT5,Blend,srgba,1398256

Detailed,frog_gorilla_blue_HI.dds,2048,2048,None,Blend,srgba,16777344
Original,frog_gorilla_blue_HI.dds,2048,2048,DXT5,Blend,srgba,5592560

Detailed,frog_gorilla_diffuse.dds,2048,2048,None,Blend,srgba,16777344
Original,frog_gorilla_diffuse.dds,2048,2048,DXT5,Blend,srgba,5592560

Detailed,goat_diffuse_HI.dds,1024,1024,None,Blend,srgba,4194432
Original,goat_diffuse_HI.dds,1024,1024,DXT5,Blend,srgba,1398256

Detailed,Land_Bat_DIF_HI.dds,2048,2048,None,Blend,srgba,16777344
Original,Land_Bat_DIF_HI.dds,2048,2048,DXT5,Blend,srgba,5592560

Detailed,leviaphan_diffuse_HI.dds,2048,1024,None,Blend,srgba,8388736
Original,leviaphan_diffuse_HI.dds,2048,1024,DXT5,Blend,srgba,2796368

Detailed,mammal_beak_diffuse_HI.dds,2048,2048,None,Blend,srgba,16777344
Original,mammal_beak_diffuse_HI.dds,2048,2048,DXT5,Blend,srgba,5592560

Detailed,mammal_beak_normal_HI.dds,1024,1024,None,Blend,srgba,4194432
Original,mammal_beak_normal_HI.dds,1024,1024,DXT5,Blend,srgba,1398256

Detailed,pack_beast_diffuse_HI.dds,4096,2048,None,Blend,srgba,33554560
Original,pack_beast_diffuse_HI.dds,4096,2048,DXT5,Blend,srgba,11184976

Detailed,pack_beast_luggage_bags_normal.dds,1024,512,None,Blend,srgba,2097280
Original,pack_beast_luggage_bags_normal.dds,1024,512,DXT1,Undefined,srgb,349672

Detailed,pack_beast_normal_HI.dds,4096,2048,None,Blend,srgba,33554560
Original,pack_beast_normal_HI.dds,4096,2048,DXT5,Blend,srgba,11184976

Detailed,robot_worker_diffuse.dds,2048,2048,None,Blend,srgba,16777344
Original,robot_worker_diffuse.dds,2048,2048,DXT5,Blend,srgba,5592560

Detailed,robot_worker_diffusewhite.dds,2048,2048,None,Blend,srgba,16777344
Original,robot_worker_diffusewhite.dds,2048,2048,DXT5,Blend,srgba,5592560

Detailed,skimmer_HI.dds,2048,2048,None,Blend,srgba,16777344
Original,skimmer_HI.dds,2048,2048,DXT5,Blend,srgba,5592560

Detailed,swamp_duck_diffuse.dds,1024,512,None,Blend,srgba,2097280
Original,swamp_duck_diffuse.dds,1024,512,DXT5,Blend,srgba,699216

Detailed,ATLAS1.dds,4096,4096,None,Blend,srgba,67108992
Original,ATLAS1.dds,4096,4096,DXT5,Blend,srgba,16777344

Detailed,concrete13.dds,1024,676,None,Blend,srgba,2769024
Original,concrete13.dds,1024,676,DXT1,Undefined,srgb,462616

Detailed,metal14.dds,1024,512,None,Blend,srgba,2097280
Original,metal14.dds,1024,512,DXT5,Blend,srgba,699216

Detailed,metal20.dds,1024,1024,None,Blend,srgba,4194432
Original,metal20.dds,1024,1024,DXT1,Undefined,srgb,699192

Detailed,Cannibal_Camp_B_D.dds,2048,2048,None,Blend,srgba,16777344
Original,Cannibal_Camp_B_D.dds,2048,2048,DXT5,Blend,srgba,5592560

Detailed,CannibalCamp Butchery Table_DIF.dds,2048,2048,None,Blend,srgba,16777344
Original,CannibalCamp Butchery Table_DIF.dds,2048,2048,DXT5,Blend,srgba,5592560

Detailed,Cannibal_Camp_C_D.dds,2048,2048,None,Blend,srgba,16777344
Original,Cannibal_Camp_C_D.dds,2048,2048,DXT5,Blend,srgba,5592560

Detailed,CannibalCamp Cooking Pit_DIF.dds,1024,1024,None,Blend,srgba,4194432
Original,CannibalCamp Cooking Pit_DIF.dds,1024,1024,DXT5,Blend,srgba,1398256

Detailed,Cannibal_Camp_D_D_HI.dds,2048,2048,None,Blend,srgba,16777344
Original,Cannibal_Camp_D_D_HI.dds,2048,2048,DXT5,Blend,srgba,5592560

Detailed,CannibalCamp E_D_HI.dds,4096,2048,None,Blend,srgba,33554560
Original,CannibalCamp E_D_HI.dds,4096,2048,DXT5,Blend,srgba,11184976

Detailed,Cannibal_Camp_G_Trophy_D.dds,2048,2048,None,Blend,srgba,16777344
Original,Cannibal_Camp_G_Trophy_D.dds,2048,2048,DXT5,Blend,srgba,5592560

Detailed,CannibalCamp_SpikeyCage_DIF_HI.dds,2048,1024,None,Blend,srgba,8388736
Original,CannibalCamp_SpikeyCage_DIF_HI.dds,2048,1024,DXT5,Blend,srgba,2796368

Detailed,Bench_Crossbow_DIF_HI.dds,2048,2048,None,Blend,srgba,16777344
Original,Bench_Crossbow_DIF_HI.dds,2048,2048,DXT5,Blend,srgba,5592560

Detailed,Bench Machinery_Diff_HI.dds,2048,2048,None,Blend,srgba,16777344
Original,Bench Machinery_Diff_HI.dds,2048,2048,DXT5,Blend,srgba,5592560

Detailed,BENCH Robot Limbs_DIF.dds,512,512,None,Blend,srgba,1048704
Original,BENCH Robot Limbs_DIF.dds,512,512,DXT5,Blend,srgba,349680

Detailed,Biofuel_Distillery_DIF_HI.dds,2048,2048,None,Blend,srgba,16777344
Original,Biofuel_Distillery_DIF_HI.dds,2048,2048,DXT5,Blend,srgba,5592560

Detailed,chainleathermachinebench_atlas_HI.dds,4096,4096,None,Blend,srgba,67108992
Original,chainleathermachinebench_atlas_HI.dds,4096,4096,DXT5,Blend,srgba,22369776

Detailed,ResearchBench_d.dds,2048,2048,None,Blend,srgba,16777344
Original,ResearchBench_d.dds,2048,2048,DXT5,Blend,srgba,5592560

Detailed,Robotic_Bench_Ancient_DIF_HI.dds,2048,2048,None,Blend,srgba,16777344
Original,Robotic_Bench_Ancient_DIF_HI.dds,2048,2048,DXT5,Blend,srgba,5592560

Detailed,Robotic_Bench_diffuse_HI.dds,2048,2048,None,Blend,srgba,16777344
Original,Robotic_Bench_diffuse_HI.dds,2048,2048,DXT5,Blend,srgba,5592560

Detailed,Smithy_Bench_D.dds,2048,2048,None,Blend,srgba,16777344
Original,Smithy_Bench_D.dds,2048,2048,DXT5,Blend,srgba,5592560

Detailed,storages_D_HI.dds,2048,1024,None,Blend,srgba,8388736
Original,storages_D_HI.dds,2048,1024,DXT5,Blend,srgba,2796368

Detailed,texBench_D.dds,2048,2048,None,Blend,srgba,16777344
Original,texBench_D.dds,2048,2048,DXT5,Blend,srgba,5592560

Detailed,farm_crops_diffuse.dds,2048,1024,None,Blend,srgba,8388736
Original,farm_crops_diffuse.dds,2048,1024,DXT5,Blend,srgba,2796368

Detailed,hemp_diffuse.dds,512,512,None,Blend,srgba,1048704
Original,hemp_diffuse.dds,512,512,DXT5,Blend,srgba,349680

Detailed,door_n.dds,512,512,None,Blend,srgba,1048704
Original,door_n.dds,512,512,DXT1,Undefined,srgb,174904

Detailed,Door_Texture.dds,512,512,None,Blend,srgba,1048704
Original,Door_Texture.dds,512,512,DXT5,Blend,srgba,349680

Detailed,bed_tex.dds,512,512,None,Blend,srgba,1048704
Original,bed_tex.dds,512,512,DXT5,Blend,srgba,349680

Detailed,Bin-of-ScreamerHeadsDIF_HI.dds,2048,1024,None,Blend,srgba,8388736
Original,Bin-of-ScreamerHeadsDIF_HI.dds,2048,1024,DXT5,Blend,srgba,2796368

Detailed,chest1.dds,512,512,None,Blend,srgba,1048704
Original,chest1.dds,512,512,DXT5,Blend,srgba,349680

Detailed,chest2.dds,512,512,None,Blend,srgba,1048704
Original,chest2.dds,512,512,DXT5,Blend,srgba,349680

Detailed,chest.dds,512,512,None,Blend,srgba,1048704
Original,chest.dds,512,512,DXT5,Blend,srgba,349680

Detailed,ConcreteBarrier_01_D.dds,1024,1024,None,Blend,srgba,4194432
Original,ConcreteBarrier_01_D.dds,1024,1024,DXT5,Blend,srgba,1398256

Detailed,engcrate01_d_HI.dds,1024,1024,None,Blend,srgba,4194432
Original,engcrate01_d_HI.dds,1024,1024,DXT5,Blend,srgba,1398256

Detailed,engcrate01_m.dds,256,256,None,Blend,srgba,262272
Original,engcrate01_m.dds,256,256,DXT1,Undefined,srgb,43832

Detailed,engcrate08_d_HI.dds,2048,2048,None,Blend,srgba,16777344
Original,engcrate08_d_HI.dds,2048,2048,DXT5,Blend,srgba,5592560

Detailed,medicrate_d.dds,1024,1024,None,Blend,srgba,4194432
Original,medicrate_d.dds,1024,1024,DXT5,Blend,srgba,1398256

Detailed,Peeler_DIF_HI.dds,4096,4096,None,Blend,srgba,67108992
Original,Peeler_DIF_HI.dds,4096,4096,DXT5,Blend,srgba,22369776

Detailed,Peeler_Metal_HI.dds,1024,1024,None,Blend,srgba,4194432
Original,Peeler_Metal_HI.dds,1024,1024,DXT1,Undefined,srgb,699192

Detailed,scicrate01_d_HI.dds,2048,2048,None,Blend,srgba,16777344
Original,scicrate01_d_HI.dds,2048,2048,DXT5,Blend,srgba,5592560

Detailed,scicrate01_m.dds,256,256,None,Blend,srgba,262272
Original,scicrate01_m.dds,256,256,DXT1,Undefined,srgb,43832

Detailed,scicrate03_d_HI.dds,1024,1024,None,Blend,srgba,4194432
Original,scicrate03_d_HI.dds,1024,1024,DXT5,Blend,srgba,1398256

Detailed,scicrate03_m.dds,256,256,None,Blend,srgba,262272
Original,scicrate03_m.dds,256,256,DXT1,Undefined,srgb,43832

Detailed,scicrate05_d.dds,512,512,None,Blend,srgba,1048704
Original,scicrate05_d.dds,512,512,DXT5,Blend,srgba,349680

Detailed,scicrate05_m.dds,256,256,None,Blend,srgba,262272
Original,scicrate05_m.dds,256,256,DXT1,Undefined,srgb,43832

Detailed,scisafe_d.dds,512,512,None,Blend,srgba,1048704
Original,scisafe_d.dds,512,512,DXT5,Blend,srgba,349680

Detailed,Street_Lamp_DIF.dds,2048,2048,None,Blend,srgba,16777344
Original,Street_Lamp_DIF.dds,2048,2048,DXT5,Blend,srgba,5592560

Detailed,20051009_0052_0001.dds,1024,1024,None,Blend,srgba,4194432
Original,20051009_0052_0001.dds,1024,1024,DXT5,Blend,srgba,1398256

Detailed,ATLAS_interior.dds,512,4096,None,Blend,srgba,8388736
Original,ATLAS_interior.dds,512,4096,DXT5,Blend,srgba,2796432

Detailed,atlas_regular_diffuse.dds,1024,4096,None,Blend,srgba,16777344
Original,atlas_regular_diffuse.dds,512,2048,DXT5,Blend,srgba,1398288

Detailed,banners_bone_diffuse.dds,512,512,None,Blend,srgba,1048704
Original,banners_bone_diffuse.dds,512,512,DXT5,Blend,srgba,349680

Detailed,banners_empire_diffuse.dds,512,512,None,Blend,srgba,1048704
Original,banners_empire_diffuse.dds,512,512,DXT5,Blend,srgba,349680

Detailed,banners_holy_diffuse.dds,512,512,None,Blend,srgba,1048704
Original,banners_holy_diffuse.dds,512,512,DXT5,Blend,srgba,349680

Detailed,banners_swamp_diffuse.dds,512,512,None,Blend,srgba,1048704
Original,banners_swamp_diffuse.dds,512,512,DXT5,Blend,srgba,349680

Detailed,banners_TRADERS_diffuse.dds,512,512,None,Blend,srgba,1048704
Original,banners_TRADERS_diffuse.dds,512,512,DXT5,Blend,srgba,349680

Detailed,BARSIGN2_DIF.dds,1024,1024,None,Blend,srgba,4194432
Original,BARSIGN2_DIF.dds,1024,1024,DXT5,Blend,srgba,1398256

Detailed,BARSIGN3_DIF.dds,1024,1024,None,Blend,srgba,4194432
Original,BARSIGN3_DIF.dds,1024,1024,DXT5,Blend,srgba,1398256

Detailed,BARSIGN4_DIF.dds,1024,1024,None,Blend,srgba,4194432
Original,BARSIGN4_DIF.dds,1024,1024,DXT5,Blend,srgba,1398256

Detailed,BARSIGN_DIF.dds,1024,1024,None,Blend,srgba,4194432
Original,BARSIGN_DIF.dds,1024,1024,DXT5,Blend,srgba,1398256

Detailed,basicGate.dds,2048,1536,None,Blend,srgba,12583040
Original,basicGate.dds,2048,1536,DXT5,Blend,srgba,4194480

Detailed,cage_diffuse.dds,2048,2048,None,Blend,srgba,16777344
Original,cage_diffuse.dds,2048,2048,DXT5,Blend,srgba,5592560

Detailed,con001.dds,1200,900,None,Blend,srgba,4320128
Original,con001.dds,1200,900,DXT5,Blend,srgba,1442592

Detailed,concrete01.dds,512,512,None,Blend,srgba,1048704
Original,concrete01.dds,512,512,DXT1,Blend,srgba,174896

Detailed,construction.dds,512,512,None,Blend,srgba,1048704
Original,construction.dds,512,512,DXT5,Blend,srgba,349680

Detailed,Corrosion_C_12.dds,2048,2048,None,Blend,srgba,16777344
Original,Corrosion_C_12.dds,2048,2048,DXT5,Blend,srgba,5592560

Detailed,Corrosion_C_33.dds,1024,1024,None,Blend,srgba,4194432
Original,Corrosion_C_33.dds,1024,1024,DXT1,Undefined,srgb,699192

Detailed,Diamondplate2.dds,1024,1024,None,Blend,srgba,4194432
Original,Diamondplate2.dds,1024,1024,DXT5,Blend,srgba,1398256

Detailed,FLoorPanels_DIF.dds,2048,2048,None,Blend,srgba,16777344
Original,FLoorPanels_DIF.dds,2048,2048,DXT5,Blend,srgba,5592560

Detailed,GalvRoof.dds,2048,1536,None,Blend,srgba,12583040
Original,GalvRoof.dds,2048,1536,DXT5,Blend,srgba,4194480

Detailed,grandmisc.dds,1024,1024,None,Blend,srgba,4194432
Original,grandmisc.dds,1024,1024,DXT5,Blend,srgba,1398256

Detailed,grandmisc_metal_HI.dds,512,512,None,Blend,srgba,1048704
Original,grandmisc_metal_HI.dds,512,512,DXT1,Undefined,srgb,174904

Detailed,greybump.dds,2048,2048,None,Blend,srgba,16777344
Original,greybump.dds,2048,2048,DXT1,Undefined,srgb,2796344

Detailed,greywall02.dds,2048,1024,None,Blend,srgba,8388736
Original,greywall02.dds,2048,1024,DXT5,Blend,srgba,2796368

Detailed,horange1-cropped.dds,2048,2048,None,Blend,srgba,16777344
Original,horange1-cropped.dds,2048,2048,DXT5,Blend,srgba,5592560

Detailed,Indoor_GasLamp_DIF.dds,1024,1024,None,Blend,srgba,4194432
Original,Indoor_GasLamp_DIF.dds,1024,1024,DXT5,Blend,srgba,1398256

Detailed,indoor_lamp1_diffuse.dds,256,256,None,Blend,srgba,262272
Original,indoor_lamp1_diffuse.dds,256,256,DXT5,Blend,srgba,87536

Detailed,bravofloor.dds,1024,1024,DXT1,Undefined,srgb,699192
Original,bravofloor.dds,1024,1024,DXT1,Undefined,srgb,699192

Detailed,bravofloor_green.dds,1024,1024,DXT1,Undefined,srgb,699192
Original,bravofloor_green.dds,1024,1024,DXT1,Undefined,srgb,699192

Detailed,ConcreteBunker0478_5_L-1024.dds,1024,1024,DXT5,Blend,srgba,1398256
Original,ConcreteBunker0478_5_L-1024.dds,1024,1024,DXT5,Blend,srgba,1398256

Detailed,ConcreteBunker0478_5_L-2048.dds,2048,2048,DXT5,Blend,srgba,5592560
Original,ConcreteBunker0478_5_L-2048.dds,2048,2048,DXT5,Blend,srgba,5592560

Detailed,ConcretePlates0097_23_M.dds,1024,1024,DXT5,Blend,srgba,1398256
Original,ConcretePlates0097_23_M.dds,1024,1024,DXT5,Blend,srgba,1398256

Detailed,MetalFloorsRusted0045_L.dds,1536,1024,DXT5,Blend,srgba,2097312
Original,MetalFloorsRusted0045_L.dds,1536,1024,DXT5,Blend,srgba,2097312

Detailed,stoneSlats.dds,1024,1024,DXT1,Undefined,srgb,699192
Original,stoneSlats.dds,1024,1024,DXT1,Undefined,srgb,699192

Detailed,Leatheresque_DIF.dds,2048,2048,None,Blend,srgba,16777344
Original,Leatheresque_DIF.dds,2048,2048,DXT5,Blend,srgba,5592560

Detailed,lighting_test_ball_diffuse.dds,512,512,None,Blend,srgba,1048704
Original,lighting_test_ball_diffuse.dds,512,512,DXT5,Blend,srgba,349680

Detailed,METAL0059.dds,1024,1024,None,Blend,srgba,4194432
Original,METAL0059.dds,1024,1024,DXT5,Blend,srgba,1398256

Detailed,metalplates01.dds,1024,1024,None,Blend,srgba,4194432
Original,metalplates01.dds,1024,1024,DXT5,Blend,srgba,1398256

Detailed,metalstep.dds,2048,2048,None,Blend,srgba,16777344
Original,metalstep.dds,2048,2048,DXT5,Blend,srgba,5592560

Detailed,ConcreteDirty0081_1_L.dds,2048,1536,DXT1,Undefined,srgb,2097304
Original,ConcreteDirty0081_1_L.dds,2048,1536,DXT1,Undefined,srgb,2097304

Detailed,moordetailsatlass2x4.dds,2048,4096,DXT5,Blend,srgba,11184976
Original,moordetailsatlass2x4.dds,2048,4096,DXT5,Blend,srgba,11184976

Detailed,theorig.dds,2048,2048,DXT5,Blend,srgba,5592560
Original,theorig.dds,2048,2048,DXT5,Blend,srgba,5592560

Detailed,Old-World_Flouresc-Light_DIF.dds,2048,2048,None,Blend,srgba,16777344
Original,Old-World_Flouresc-Light_DIF.dds,2048,2048,DXT5,Blend,srgba,5592560

Detailed,props_atlas_regular_diffuse.dds,1024,8192,None,Blend,srgba,33554560
Original,props_atlas_regular_diffuse.dds,512,4096,DXT5,Blend,srgba,2796432

Detailed,props_atlas_regular_metalness.dds,512,4096,None,Blend,srgba,8388736
Original,props_atlas_regular_metalness.dds,512,4096,DXT1,Undefined,srgb,1398280

Detailed,redpaintrust.dds,2048,2048,None,Blend,srgba,16777344
Original,redpaintrust.dds,2048,2048,DXT5,Blend,srgba,5592560

Detailed,RoboticsSHopSIgn_DIF_HI.dds,2048,2048,None,Blend,srgba,16777344
Original,RoboticsSHopSIgn_DIF_HI.dds,2048,2048,DXT5,Blend,srgba,5592560

Detailed,sandstone3.dds,1536,1024,None,Blend,srgba,6291584
Original,sandstone3.dds,1536,1024,DXT1,Undefined,srgb,1048720

Detailed,Scratch_C_13.dds,2048,2048,None,Blend,srgba,16777344
Original,Scratch_C_13.dds,2048,2048,DXT5,Blend,srgba,5592560

Detailed,Scratch_C_45.dds,2048,2048,None,Blend,srgba,16777344
Original,Scratch_C_45.dds,2048,2048,DXT5,Blend,srgba,5592560

Detailed,Scratch_C_82.dds,1536,1536,None,Blend,srgba,9437312
Original,Scratch_C_82.dds,1536,1536,DXT5,Blend,srgba,3145904

Detailed,Severe_C_01.dds,2048,2048,None,Blend,srgba,16777344
Original,Severe_C_01.dds,2048,2048,DXT5,Blend,srgba,5592560

Detailed,Severe_C_10.dds,512,512,None,Blend,srgba,1048704
Original,Severe_C_10.dds,512,512,DXT5,Blend,srgba,349680

Detailed,Severe_C_25.dds,1024,1024,None,Blend,srgba,4194432
Original,Severe_C_25.dds,1024,1024,DXT5,Blend,srgba,1398256

Detailed,sign.dds,2048,2048,None,Blend,srgba,16777344
Original,sign.dds,2048,2048,DXT5,Blend,srgba,5592560

Detailed,signs2_diffuse.dds,1024,1024,None,Blend,srgba,4194432
Original,signs2_diffuse.dds,1024,1024,DXT5,Blend,srgba,1398256

Detailed,signs_diffuse.dds,1024,1024,None,Blend,srgba,4194432
Original,signs_diffuse.dds,1024,1024,DXT5,Blend,srgba,1398256

Detailed,stoneSlats_green_HI.dds,1024,1024,None,Blend,srgba,4194432
Original,stoneSlats_green_HI.dds,1024,1024,DXT5,Blend,srgba,1398256

Detailed,TALL_ATLAS01.dds,2048,4096,None,Blend,srgba,33554560
Original,TALL_ATLAS01.dds,2048,4096,DXT5,Blend,srgba,11184976

Detailed,TALL_ATLAS03.dds,2048,4096,None,Blend,srgba,33554560
Original,TALL_ATLAS03.dds,2048,4096,DXT5,Blend,srgba,11184976

Detailed,TALL_ATLAS03_RESKIN.dds,2048,4096,None,Blend,srgba,33554560
Original,TALL_ATLAS03_RESKIN.dds,2048,4096,DXT5,Blend,srgba,11184976

Detailed,TALL_ATLAS04.dds,2048,4096,None,Blend,srgba,33554560
Original,TALL_ATLAS04.dds,2048,4096,DXT5,Blend,srgba,11184976

Detailed,tilestone.dds,2048,1024,None,Blend,srgba,8388736
Original,tilestone.dds,2048,1024,DXT3,Blend,srgba,2796320

Detailed,Tiling_Cloth_diffuse.dds,512,512,None,Blend,srgba,1048704
Original,Tiling_Cloth_diffuse.dds,512,512,DXT5,Blend,srgba,349680

Detailed,wall02.dds,2048,1024,None,Blend,srgba,8388736
Original,wall02.dds,2048,1024,DXT5,Blend,srgba,2796368

Detailed,wall_sandstone.dds,1536,1536,None,Blend,srgba,9437312
Original,wall_sandstone.dds,1536,1536,DXT5,Blend,srgba,3145904

Detailed,window_HI.dds,256,256,None,Blend,srgba,262272
Original,window_HI.dds,256,256,DXT5,Blend,srgba,87536

Detailed,Metal_Wall-House_DIF_HI.dds,4096,4096,None,Blend,srgba,67108992
Original,Metal_Wall-House_DIF_HI.dds,4096,4096,DXT5,Blend,srgba,22369776

Detailed,farm01.dds,2048,512,None,Blend,srgba,4194432
Original,farm01.dds,2048,512,DXT5,Blend,srgba,1398288

Detailed,automine_d.dds,4096,4096,None,Blend,srgba,67108992
Original,automine_d.dds,4096,4096,DXT5,Blend,srgba,22369776

Detailed,Battery_D.dds,1024,1024,None,Blend,srgba,4194432
Original,Battery_D.dds,1024,1024,DXT5,Blend,srgba,1398256

Detailed,canteen01_d.dds,512,512,None,Blend,srgba,1048704
Original,canteen01_d.dds,512,512,DXT5,Blend,srgba,349680

Detailed,corpse_furnace_diffuse_HI.dds,2048,2048,None,Blend,srgba,16777344
Original,corpse_furnace_diffuse_HI.dds,2048,2048,DXT5,Blend,srgba,5592560

Detailed,Foundry_DIF_HI.dds,2048,2048,None,Blend,srgba,16777344
Original,Foundry_DIF_HI.dds,2048,2048,DXT5,Blend,srgba,5592560

Detailed,Fparheldt_d.dds,1024,1024,None,Blend,srgba,4194432
Original,Fparheldt_d.dds,1024,1024,DXT5,Blend,srgba,1398256

Detailed,Generator_D_HI.dds,2048,2048,None,Blend,srgba,16777344
Original,Generator_D_HI.dds,2048,2048,DXT5,Blend,srgba,5592560

Detailed,rumstill_HI.dds,1024,1024,None,Blend,srgba,4194432
Original,rumstill_HI.dds,1024,1024,DXT5,Blend,srgba,1398256

Detailed,sacks_d.dds,1024,1024,None,Blend,srgba,4194432
Original,sacks_d.dds,1024,1024,DXT1,Undefined,srgb,699192

Detailed,silo_a_dif_HI.dds,2048,2048,None,Blend,srgba,16777344
Original,silo_a_dif_HI.dds,2048,2048,DXT5,Blend,srgba,5592560

Detailed,StoneMine_Diff.dds,4096,4096,None,Blend,srgba,67108992
Original,StoneMine_Diff.dds,4096,4096,DXT5,Blend,srgba,22369776

Detailed,storagetank01_diffuse_HI.dds,2048,2048,None,Blend,srgba,16777344
Original,storagetank01_diffuse_HI.dds,2048,2048,DXT5,Blend,srgba,5592560

Detailed,Tdrive_HI.dds,2048,2048,None,Blend,srgba,16777344
Original,Tdrive_HI.dds,2048,2048,DXT5,Blend,srgba,5592560

Detailed,TdriveN_HI.dds,2048,2048,None,Blend,srgba,16777344
Original,TdriveN_HI.dds,2048,2048,DXT1,Undefined,srgb,2796344

Detailed,toweratlas_HI.dds,1024,2048,None,Blend,srgba,8388736
Original,toweratlas_HI.dds,1024,2048,DXT5,Blend,srgba,2796368

Detailed,market _d.dds,4096,2048,None,Blend,srgba,33554560
Original,market _d.dds,4096,2048,DXT5,Blend,srgba,11184976

Detailed,watertower.dds,1024,1024,None,Blend,srgba,4194432
Original,watertower.dds,1024,1024,DXT5,Blend,srgba,1398256

Detailed,stones.dds,1024,1024,None,Blend,srgba,4194432
Original,stones.dds,1024,1024,DXT5,Blend,srgba,1048704

Detailed,wall1.dds,1024,1024,None,Blend,srgba,4194432
Original,wall1.dds,1024,1024,DXT1,Blend,srgba,699192

Detailed,Crossbow Turret_Diff_HI.dds,2048,2048,None,Blend,srgba,16777344
Original,Crossbow Turret_Diff_HI.dds,2048,2048,DXT5,Blend,srgba,5592560

Detailed,FireAnt-AutoTurret_DIF.dds,2048,2048,None,Blend,srgba,16777344
Original,FireAnt-AutoTurret_DIF.dds,2048,2048,DXT5,Blend,srgba,5592560

Detailed,FireAnt-AutoTurret_MET.dds,2048,2048,None,Blend,srgba,16777344
Original,FireAnt-AutoTurret_MET.dds,2048,2048,DXT1,Undefined,srgb,2796344

Detailed,HarpoonLight_DIF.dds,1024,1024,None,Blend,srgba,4194432
Original,HarpoonLight_DIF.dds,1024,1024,DXT5,Blend,srgba,1398256

Detailed,Turret_Diff.dds,2048,2048,None,Blend,srgba,16777344
Original,Turret_Diff.dds,2048,2048,DXT5,Blend,srgba,5592560

Detailed,Gate2_Diff.dds,2048,2048,None,Blend,srgba,16777344
Original,Gate2_Diff.dds,2048,2048,DXT5,Blend,srgba,5592560

Detailed,Gate4_Diff.dds,4096,4096,None,Blend,srgba,67108992
Original,Gate4_Diff.dds,4096,4096,DXT5,Blend,srgba,22369776

Detailed,Gate5_DIF.dds,4096,4096,None,Blend,srgba,67108992
Original,Gate5_DIF.dds,4096,4096,DXT5,Blend,srgba,22369776

Detailed,Wall2_Diff.dds,2048,1024,None,Blend,srgba,8388736
Original,Wall2_Diff.dds,2048,1024,DXT5,Blend,srgba,2796368

Detailed,Wall3_D.dds,4096,4096,None,Blend,srgba,67108992
Original,Wall3_D.dds,4096,4096,DXT5,Blend,srgba,22369776

Detailed,Wall3Tower_DIF.dds,4096,2048,None,Blend,srgba,33554560
Original,Wall3Tower_DIF.dds,4096,2048,DXT5,Blend,srgba,11184976

Detailed,Wall4_Diff.dds,4096,4096,None,Blend,srgba,67108992
Original,Wall4_Diff.dds,4096,4096,DXT5,Blend,srgba,22369776

Detailed,Wall4Tower_DIF.dds,4096,4096,None,Blend,srgba,67108992
Original,Wall4Tower_DIF.dds,4096,4096,DXT5,Blend,srgba,22369776

Detailed,Wall4Tower_DIForig.dds,4096,4096,None,Blend,srgba,67108992
Original,Wall4Tower_DIForig.dds,4096,4096,DXT5,Blend,srgba,22369776

Detailed,Wall5_Diff.dds,4096,4096,None,Blend,srgba,67108992
Original,Wall5_Diff.dds,4096,4096,DXT5,Blend,srgba,22369776

Detailed,Wall5Tower_DIF.dds,4096,4096,None,Blend,srgba,67108992
Original,Wall5Tower_DIF.dds,4096,4096,DXT5,Blend,srgba,22369776

Detailed,Wall5Tower_DIForig.dds,4096,4096,None,Blend,srgba,67108992
Original,Wall5Tower_DIForig.dds,4096,4096,DXT5,Blend,srgba,22369776

Detailed,wallbasic01_HI.dds,2048,1024,None,Blend,srgba,8388736
Original,wallbasic01_HI.dds,2048,1024,DXT1,Undefined,srgb,1398248

Detailed,Wall-Gate1_D.dds,2048,2048,None,Blend,srgba,16777344
Original,Wall-Gate1_D.dds,2048,2048,DXT5,Blend,srgba,5592560

Detailed,Wall-Gate1_DIF_HI.dds,4096,4096,None,Blend,srgba,67108992
Original,Wall-Gate1_DIF_HI.dds,4096,4096,DXT5,Blend,srgba,22369776

Detailed,Windmill_D.dds,4096,2048,None,Blend,srgba,33554560
Original,Windmill_D.dds,4096,2048,DXT5,Blend,srgba,11184976

Detailed,windmill_N.dds,4096,2048,None,Blend,srgba,33554560
Original,windmill_N.dds,4096,2048,DXT1,Undefined,srgb,5592552

Detailed,aa.dds,512,512,None,Blend,srgba,1048704
Original,aa.dds,512,512,DXT5,Blend,srgba,349680

Detailed,beard10.dds,1024,1024,None,Blend,srgba,4194432
Original,beard10.dds,1024,1024,DXT5,Blend,srgba,1398256

Detailed,BeardBaseHead_01_LO.dds,1024,1024,None,Blend,srgba,4194432
Original,BeardBaseHead_01_LO.dds,1024,1024,DXT5,Blend,srgba,1398256

Detailed,BeardBaseHead_02_LO.dds,1024,1024,None,Blend,srgba,4194432
Original,BeardBaseHead_02_LO.dds,1024,1024,DXT5,Blend,srgba,1398256

Detailed,BeardBaseHead_03_LO.dds,1024,1024,None,Blend,srgba,4194432
Original,BeardBaseHead_03_LO.dds,1024,1024,DXT5,Blend,srgba,1398256

Detailed,BeardMod_Male01_LO.dds,512,512,None,Blend,srgba,1048704
Original,BeardMod_Male01_LO.dds,512,512,DXT3,Blend,srgba,349680

Detailed,BeardMod_Male02_LO.dds,512,512,None,Blend,srgba,1048704
Original,BeardMod_Male02_LO.dds,512,512,DXT3,Blend,srgba,349680

Detailed,h01.dds,512,512,None,Blend,srgba,1048704
Original,h01.dds,512,512,DXT5,Blend,srgba,349680

Detailed,h02.dds,512,512,None,Blend,srgba,1048704
Original,h02.dds,512,512,DXT5,Blend,srgba,349680

Detailed,Hair03.dds,512,512,None,Blend,srgba,1048704
Original,Hair03.dds,512,512,DXT5,Blend,srgba,349680

Detailed,Hair04.dds,512,512,None,Blend,srgba,1048704
Original,Hair04.dds,512,512,DXT5,Blend,srgba,349680

Detailed,Hair06.dds,512,512,None,Blend,srgba,1048704
Original,Hair06.dds,512,512,DXT5,Blend,srgba,349680

Detailed,Hair07.dds,512,512,None,Blend,srgba,1048704
Original,Hair07.dds,512,512,DXT5,Blend,srgba,349680

Detailed,Hair08.dds,512,512,None,Blend,srgba,1048704
Original,Hair08.dds,512,512,DXT5,Blend,srgba,349680

Detailed,hair08m.dds,1024,1024,None,Blend,srgba,4194432
Original,hair08m.dds,1024,1024,DXT5,Blend,srgba,1398256

Detailed,HairBaseHead_Bone_Female_LO.dds,1024,1024,None,Blend,srgba,4194432
Original,HairBaseHead_Bone_Female_LO.dds,1024,1024,DXT5,Blend,srgba,1398256

Detailed,HairBaseHead_Female01_LO.dds,1024,1024,None,Blend,srgba,4194432
Original,HairBaseHead_Female01_LO.dds,1024,1024,DXT5,Blend,srgba,1398256

Detailed,HairBaseHead_Female02_LO.dds,1024,1024,None,Blend,srgba,4194432
Original,HairBaseHead_Female02_LO.dds,1024,1024,DXT5,Blend,srgba,1398256

Detailed,HairBaseHead_Male01_LO.dds,1024,1024,None,Blend,srgba,4194432
Original,HairBaseHead_Male01_LO.dds,1024,1024,DXT5,Blend,srgba,1398256

Detailed,HairBaseHead_Male02_LO.dds,1024,1024,None,Blend,srgba,4194432
Original,HairBaseHead_Male02_LO.dds,1024,1024,DXT5,Blend,srgba,1398256

Detailed,HairMod_Male01_LO.dds,512,512,None,Blend,srgba,1048704
Original,HairMod_Male01_LO.dds,512,512,DXT3,Blend,srgba,349680

Detailed,HairMod_Male02_LO.dds,512,512,None,Blend,srgba,1048704
Original,HairMod_Male02_LO.dds,512,512,DXT3,Blend,srgba,349680

Detailed,HairMod_Male03_LO.dds,512,512,None,Blend,srgba,1048704
Original,HairMod_Male03_LO.dds,512,512,DXT5,Blend,srgba,349680

Detailed,HairMod_Male04_LO.dds,512,512,None,Blend,srgba,1048704
Original,HairMod_Male04_LO.dds,512,512,DXT3,Blend,srgba,349680

Detailed,HairMod_Male05_LO.dds,512,512,None,Blend,srgba,1048704
Original,HairMod_Male05_LO.dds,512,512,DXT3,Blend,srgba,349680

Detailed,Texture HairMod_Female01_LO.dds,512,512,None,Blend,srgba,1048704
Original,Texture HairMod_Female01_LO.dds,512,512,DXT3,Blend,srgba,349680

Detailed,Texture HairMod_Female02_LO.dds,512,512,None,Blend,srgba,1048704
Original,Texture HairMod_Female02_LO.dds,512,512,DXT3,Blend,srgba,349680

Detailed,Texture HairMod_Female03_LO.dds,512,512,None,Blend,srgba,1048704
Original,Texture HairMod_Female03_LO.dds,512,512,DXT3,Blend,srgba,349680

Detailed,Texture HairMod_Female04_LO.dds,512,512,None,Blend,srgba,1048704
Original,Texture HairMod_Female04_LO.dds,512,512,DXT5,Blend,srgba,349680

Detailed,Texture HairMod_Female05_LO.dds,512,512,None,Blend,srgba,1048704
Original,Texture HairMod_Female05_LO.dds,512,512,DXT5,Blend,srgba,349680

Detailed,Texture HairMod_Female06_LO.dds,512,512,None,Blend,srgba,1048704
Original,Texture HairMod_Female06_LO.dds,512,512,DXT5,Blend,srgba,349680

Detailed,bone_female_body_diffuse.dds,2048,2048,None,Blend,srgba,16777344
Original,bone_female_body_diffuse.dds,2048,2048,DXT5,Blend,srgba,5592560

Detailed,bone_female_body_mask_HI.dds,2048,2048,None,Blend,srgba,16777344
Original,bone_female_body_mask_HI.dds,2048,2048,DXT1,Undefined,srgb,2796344

Detailed,bone_female_body_normal.dds,2048,2048,None,Blend,srgba,16777344
Original,bone_female_body_normal.dds,2048,2048,DXT5,Blend,srgba,5592560

Detailed,bone_female_body_normal_muscular.dds,2048,2048,None,Blend,srgba,16777344
Original,bone_female_body_normal_muscular.dds,2048,2048,DXT5,Blend,srgba,5592560

Detailed,bone_female_body_normal_skinny.dds,2048,2048,None,Blend,srgba,16777344
Original,bone_female_body_normal_skinny.dds,2048,2048,DXT5,Blend,srgba,5592560

Detailed,bone_female_head_diffuse_HI.dds,1024,1024,None,Blend,srgba,4194432
Original,bone_female_head_diffuse_HI.dds,1024,1024,DXT5,Blend,srgba,1398256

Detailed,bone_female_head_diffuse_variant2_HI.dds,1024,1024,None,Blend,srgba,4194432
Original,bone_female_head_diffuse_variant2_HI.dds,1024,1024,DXT5,Blend,srgba,1398256

Detailed,bone_female_head_diffuse_variant3_HI.dds,1024,1024,None,Blend,srgba,4194432
Original,bone_female_head_diffuse_variant3_HI.dds,1024,1024,DXT5,Blend,srgba,1398256

Detailed,bone_female_head_mask_HI.dds,1024,1024,None,Blend,srgba,4194432
Original,bone_female_head_mask_HI.dds,1024,1024,DXT1,Undefined,srgb,699192

Detailed,bone_female_head_mask_variant2_HI.dds,1024,1024,None,Blend,srgba,4194432
Original,bone_female_head_mask_variant2_HI.dds,1024,1024,DXT1,Undefined,srgb,699192

Detailed,bone_female_head_normal_HI.dds,1024,1024,None,Blend,srgba,4194432
Original,bone_female_head_normal_HI.dds,1024,1024,DXT5,Blend,srgba,1398256

Detailed,bone_female_head_normal_variant2_HI.dds,1024,1024,None,Blend,srgba,4194432
Original,bone_female_head_normal_variant2_HI.dds,1024,1024,DXT5,Blend,srgba,1398256

Detailed,bone_male_body_diffuse.dds,2048,2048,None,Blend,srgba,16777344
Original,bone_male_body_diffuse.dds,2048,2048,DXT5,Blend,srgba,5592560

Detailed,bone_male_body_mask_HI.dds,2048,2048,None,Blend,srgba,16777344
Original,bone_male_body_mask_HI.dds,2048,2048,DXT1,Undefined,srgb,2796344

Detailed,bone_male_body_normal.dds,2048,2048,None,Blend,srgba,16777344
Original,bone_male_body_normal.dds,2048,2048,DXT5,Blend,srgba,5592560

Detailed,bone_male_body_normal_muscular.dds,2048,2048,None,Blend,srgba,16777344
Original,bone_male_body_normal_muscular.dds,2048,2048,DXT5,Blend,srgba,5592560

Detailed,bone_male_body_normal_skinny.dds,2048,2048,None,Blend,srgba,16777344
Original,bone_male_body_normal_skinny.dds,2048,2048,DXT5,Blend,srgba,5592560

Detailed,bone_male_head_diffuse_HI.dds,1024,1024,None,Blend,srgba,4194432
Original,bone_male_head_diffuse_HI.dds,1024,1024,DXT5,Blend,srgba,1398256

Detailed,bone_male_head_diffuse_variant2_HI.dds,1024,1024,None,Blend,srgba,4194432
Original,bone_male_head_diffuse_variant2_HI.dds,1024,1024,DXT5,Blend,srgba,1398256

Detailed,bone_male_head_diffuse_variant3_HI.dds,1024,1024,None,Blend,srgba,4194432
Original,bone_male_head_diffuse_variant3_HI.dds,1024,1024,DXT5,Blend,srgba,1398256

Detailed,bone_male_head_mask_HI.dds,1024,1024,None,Blend,srgba,4194432
Original,bone_male_head_mask_HI.dds,1024,1024,DXT1,Undefined,srgb,699192

Detailed,bone_male_head_mask_variant2_HI.dds,1024,1024,None,Blend,srgba,4194432
Original,bone_male_head_mask_variant2_HI.dds,1024,1024,DXT1,Undefined,srgb,699192

Detailed,bone_male_head_normal_HI.dds,1024,1024,None,Blend,srgba,4194432
Original,bone_male_head_normal_HI.dds,1024,1024,DXT5,Blend,srgba,1398256

Detailed,bone_male_head_normal_variant2_HI.dds,1024,1024,None,Blend,srgba,4194432
Original,bone_male_head_normal_variant2_HI.dds,1024,1024,DXT5,Blend,srgba,1398256

Detailed,cannibal_female_body_2_diffuse.dds,1024,1024,None,Blend,srgba,4194432
Original,cannibal_female_body_2_diffuse.dds,1024,1024,DXT5,Blend,srgba,1398256

Detailed,cannibal_female_body_diffuse.dds,1024,1024,None,Blend,srgba,4194432
Original,cannibal_female_body_diffuse.dds,1024,1024,DXT5,Blend,srgba,1398256

Detailed,cannibal_female_body_mask.dds,512,512,None,Blend,srgba,1048704
Original,cannibal_female_body_mask.dds,512,512,DXT1,Undefined,srgb,174904

Detailed,cannibal_female_head_2_diffuse.dds,512,512,None,Blend,srgba,1048704
Original,cannibal_female_head_2_diffuse.dds,512,512,DXT5,Blend,srgba,349680

Detailed,cannibal_female_head_diffuse.dds,512,512,None,Blend,srgba,1048704
Original,cannibal_female_head_diffuse.dds,512,512,DXT5,Blend,srgba,349680

Detailed,cannibal_female_head_mask.dds,512,512,None,Blend,srgba,1048704
Original,cannibal_female_head_mask.dds,512,512,DXT1,Undefined,srgb,174904

Detailed,cannibal_male_body_2_diffuse.dds,1024,1024,None,Blend,srgba,4194432
Original,cannibal_male_body_2_diffuse.dds,1024,1024,DXT5,Blend,srgba,1398256

Detailed,cannibal_male_body_diffuse.dds,1024,1024,None,Blend,srgba,4194432
Original,cannibal_male_body_diffuse.dds,1024,1024,DXT5,Blend,srgba,1398256

Detailed,cannibal_male_body_mask.dds,512,512,None,Blend,srgba,1048704
Original,cannibal_male_body_mask.dds,512,512,DXT1,Undefined,srgb,174904

Detailed,cannibal_male_head_2_diffuse.dds,512,512,None,Blend,srgba,1048704
Original,cannibal_male_head_2_diffuse.dds,512,512,DXT5,Blend,srgba,349680

Detailed,cannibal_male_head_diffuse.dds,512,512,None,Blend,srgba,1048704
Original,cannibal_male_head_diffuse.dds,512,512,DXT5,Blend,srgba,349680

Detailed,cannibal_male_head_mask.dds,512,512,None,Blend,srgba,1048704
Original,cannibal_male_head_mask.dds,512,512,DXT1,Undefined,srgb,174904

Detailed,4X4.dds,4,4,None,Blend,srgba,192
Original,4X4.dds,4,4,DXT5,Blend,srgba,176

Detailed,Alpha_Fishbody_DIF_HI.dds,4096,4096,None,Blend,srgba,67108992
Original,Alpha_Fishbody_DIF_HI.dds,4096,4096,DXT5,Blend,srgba,22369776

Detailed,Alpha Fis-Head_DIF_HI.dds,2048,2048,None,Blend,srgba,16777344
Original,Alpha Fis-Head_DIF_HI.dds,2048,2048,DXT5,Blend,srgba,5592560

Detailed,Fis-Body_DIF.dds,2048,2048,None,Blend,srgba,16777344
Original,Fis-Body_DIF.dds,2048,2048,DXT5,Blend,srgba,5592560

Detailed,FIshBody_DIF_HI.dds,4096,4096,None,Blend,srgba,67108992
Original,FIshBody_DIF_HI.dds,4096,4096,DXT5,Blend,srgba,22369776

Detailed,FIshBody_NML_HI.dds,4096,4096,None,Blend,srgba,67108992
Original,FIshBody_NML_HI.dds,4096,4096,DXT5,Blend,srgba,22369776

Detailed,Fis-Head_DIF_HI.dds,2048,2048,None,Blend,srgba,16777344
Original,Fis-Head_DIF_HI.dds,2048,2048,DXT5,Blend,srgba,5592560

Detailed,bodyM.dds,2048,2048,None,Blend,srgba,16777344
Original,bodyM.dds,2048,2048,DXT1,Undefined,srgb,2796344

Detailed,Female Body_D.dds,2048,2048,None,Blend,srgba,16777344
Original,Female Body_D.dds,2048,2048,DXT1,Undefined,srgb,2796344

Detailed,fem-face00_D.dds,1024,1024,None,Blend,srgba,4194432
Original,fem-face00_D.dds,1024,1024,DXT3,Blend,srgba,1398256

Detailed,fem-face01_D.dds,1024,1024,None,Blend,srgba,4194432
Original,fem-face01_D.dds,1024,1024,DXT3,Blend,srgba,1398256

Detailed,fem-face02_D.dds,1024,1024,None,Blend,srgba,4194432
Original,fem-face02_D.dds,1024,1024,DXT3,Blend,srgba,1398256

Detailed,fem-face03_D.dds,1024,1024,None,Blend,srgba,4194432
Original,fem-face03_D.dds,1024,1024,DXT3,Blend,srgba,1398256

Detailed,m-head01.dds,1024,1024,None,Blend,srgba,4194432
Original,m-head01.dds,1024,1024,DXT3,Blend,srgba,1398256

Detailed,m-head02.dds,1024,1024,None,Blend,srgba,4194432
Original,m-head02.dds,1024,1024,DXT3,Blend,srgba,1398256

Detailed,m-head.dds,1024,1024,None,Blend,srgba,4194432
Original,m-head.dds,1024,1024,DXT3,Blend,srgba,1398256

Detailed,human_female_body_diffuse.dds,2048,2048,None,Blend,srgba,16777344
Original,human_female_body_diffuse.dds,2048,2048,DXT5,Blend,srgba,5592560

Detailed,human_female_body_mask_HI.dds,2048,2048,None,Blend,srgba,16777344
Original,human_female_body_mask_HI.dds,2048,2048,DXT1,Undefined,srgb,2796344

Detailed,Human Female Flayed_DIF_HI.dds,2048,2048,None,Blend,srgba,16777344
Original,Human Female Flayed_DIF_HI.dds,2048,2048,DXT5,Blend,srgba,5592560

Detailed,human_female_head_diffuse_HI.dds,1024,1024,None,Blend,srgba,4194432
Original,human_female_head_diffuse_HI.dds,1024,1024,DXT5,Blend,srgba,1398256

Detailed,human_female_head_mask.dds,128,128,None,Blend,srgba,65664
Original,human_female_head_mask.dds,128,128,DXT1,Undefined,srgb,11064

Detailed,human_female_head_variant2_diffuse_HI.dds,1024,1024,None,Blend,srgba,4194432
Original,human_female_head_variant2_diffuse_HI.dds,1024,1024,DXT5,Blend,srgba,1398256

Detailed,human_female_head_variant3_diffuse_HI.dds,1024,1024,None,Blend,srgba,4194432
Original,human_female_head_variant3_diffuse_HI.dds,1024,1024,DXT5,Blend,srgba,1398256

Detailed,human_female_head_variant5_diffuse_HI.dds,1024,1024,None,Blend,srgba,4194432
Original,human_female_head_variant5_diffuse_HI.dds,1024,1024,DXT5,Blend,srgba,1398256

Detailed,human_female_head_variant6_diffuse_HI.dds,1024,1024,None,Blend,srgba,4194432
Original,human_female_head_variant6_diffuse_HI.dds,1024,1024,DXT5,Blend,srgba,1398256

Detailed,human_male_body_diffuse.dds,2048,2048,None,Blend,srgba,16777344
Original,human_male_body_diffuse.dds,2048,2048,DXT5,Blend,srgba,5592560

Detailed,human_male_body_mask_HI.dds,2048,2048,None,Blend,srgba,16777344
Original,human_male_body_mask_HI.dds,2048,2048,DXT1,Undefined,srgb,2796344

Detailed,human_male_FLAYED_body_mask_HI.dds,512,512,None,Blend,srgba,1048704
Original,human_male_FLAYED_body_mask_HI.dds,512,512,DXT5,Blend,srgba,349680

Detailed,Human Male Flayed_DIF_HI.dds,2048,2048,None,Blend,srgba,16777344
Original,Human Male Flayed_DIF_HI.dds,2048,2048,DXT5,Blend,srgba,5592560

Detailed,human_male_head_variant3_diffuse_HI.dds,1024,1024,None,Blend,srgba,4194432
Original,human_male_head_variant3_diffuse_HI.dds,1024,1024,DXT5,Blend,srgba,1398256

Detailed,human_male_head_variant5_diffuse_HI.dds,1024,1024,None,Blend,srgba,4194432
Original,human_male_head_variant5_diffuse_HI.dds,1024,1024,DXT5,Blend,srgba,1398256

Detailed,human_male_head_variant6_diffuse_HI.dds,1024,1024,None,Blend,srgba,4194432
Original,human_male_head_variant6_diffuse_HI.dds,1024,1024,DXT5,Blend,srgba,1398256

Detailed,FaceRobot_V1_DIF_HI.dds,2048,2048,None,Blend,srgba,16777344
Original,FaceRobot_V1_DIF_HI.dds,2048,2048,DXT5,Blend,srgba,5592560

Detailed,FaceRobot_V1_NML_HI.dds,2048,2048,None,Blend,srgba,16777344
Original,FaceRobot_V1_NML_HI.dds,2048,2048,DXT5,Blend,srgba,5592560

Detailed,FaceRobot_V2_DIF_HI.dds,2048,2048,None,Blend,srgba,16777344
Original,FaceRobot_V2_DIF_HI.dds,2048,2048,DXT5,Blend,srgba,5592560

Detailed,FaceRobot_V3_DIF_HI.dds,2048,2048,None,Blend,srgba,16777344
Original,FaceRobot_V3_DIF_HI.dds,2048,2048,DXT5,Blend,srgba,5592560

Detailed,Replacement_RUNNER_Leg_DIF_HI.dds,2048,2048,None,Blend,srgba,16777344
Original,Replacement_RUNNER_Leg_DIF_HI.dds,2048,2048,DXT5,Blend,srgba,5592560

Detailed,robot_diffuse.dds,2048,2048,None,Blend,srgba,16777344
Original,robot_diffuse.dds,2048,2048,DXT5,Blend,srgba,5592560

Detailed,Robotic_Economy_Legs_DIF_HI.dds,1024,1024,None,Blend,srgba,4194432
Original,Robotic_Economy_Legs_DIF_HI.dds,1024,1024,DXT5,Blend,srgba,1398256

Detailed,Robotic_Strong_Arm_DIF_HI.dds,2048,2048,None,Blend,srgba,16777344
Original,Robotic_Strong_Arm_DIF_HI.dds,2048,2048,DXT5,Blend,srgba,5592560

Detailed,Robotic-Tough-Limbs_DIF_HI.dds,2048,2048,None,Blend,srgba,16777344
Original,Robotic-Tough-Limbs_DIF_HI.dds,2048,2048,DXT5,Blend,srgba,5592560

Detailed,robot_mask2_HI.dds,2048,2048,None,Blend,srgba,16777344
Original,robot_mask2_HI.dds,2048,2048,DXT1,Undefined,srgb,2796344

Detailed,robot_mask_V1_HI.dds,2048,2048,None,Blend,srgba,16777344
Original,robot_mask_V1_HI.dds,2048,2048,DXT1,Undefined,srgb,2796344

Detailed,robot_mask_V2_HI.dds,2048,2048,None,Blend,srgba,16777344
Original,robot_mask_V2_HI.dds,2048,2048,DXT1,Undefined,srgb,2796344

Detailed,robot_mask_V3_HI.dds,2048,2048,None,Blend,srgba,16777344
Original,robot_mask_V3_HI.dds,2048,2048,DXT1,Undefined,srgb,2796344

Detailed,robot_METAL.dds,1024,1024,None,Blend,srgba,4194432
Original,robot_METAL.dds,1024,1024,DXT1,Undefined,srgb,699192

Detailed,Robot_normal.dds,2048,2048,None,Blend,srgba,16777344
Original,Robot_normal.dds,2048,2048,DXT5,Blend,srgba,5592560

Detailed,Skeleton_MarkII_DIF_HI.dds,4096,4096,None,Blend,srgba,67108992
Original,Skeleton_MarkII_DIF_HI.dds,4096,4096,DXT5,Blend,srgba,22369776

Detailed,Skeleton_MarkII_Limb-Replacer_DIF_HI.dds,4096,4096,None,Blend,srgba,67108992
Original,Skeleton_MarkII_Limb-Replacer_DIF_HI.dds,4096,4096,DXT5,Blend,srgba,22369776

Detailed,fem-sh_faceF02.dds,1024,1024,None,Blend,srgba,4194432
Original,fem-sh_faceF02.dds,1024,1024,DXT1,Undefined,srgb,699192

Detailed,fem-sh_faceF.dds,1024,1024,None,Blend,srgba,4194432
Original,fem-sh_faceF.dds,1024,1024,DXT1,Undefined,srgb,699192

Detailed,sh_faceM.dds,512,512,None,Blend,srgba,1048704
Original,sh_faceM.dds,512,512,DXT1,Undefined,srgb,174904

Detailed,sh_bodyF_D.dds,2048,2048,None,Blend,srgba,16777344
Original,sh_bodyF_D.dds,2048,2048,DXT1,Undefined,srgb,2796344

Detailed,sh_bodyM_D.dds,128,128,None,Blend,srgba,65664
Original,sh_bodyM_D.dds,128,128,DXT1,Undefined,srgb,11064

Detailed,bodyM_st.dds,2048,2048,None,Blend,srgba,16777344
Original,bodyM_st.dds,2048,2048,DXT1,Undefined,srgb,2796344

Detailed,fem-face00_D.dds,1024,1024,None,Blend,srgba,4194432
Original,fem-face00_D.dds,1024,1024,DXT3,Blend,srgba,1398256

Detailed,fem-face01_D.dds,1024,1024,None,Blend,srgba,4194432
Original,fem-face01_D.dds,1024,1024,DXT3,Blend,srgba,1398256

Detailed,fem-face02_D.dds,1024,1024,None,Blend,srgba,4194432
Original,fem-face02_D.dds,1024,1024,DXT3,Blend,srgba,1398256

Detailed,fem-face03_D.dds,1024,1024,None,Blend,srgba,4194432
Original,fem-face03_D.dds,1024,1024,DXT3,Blend,srgba,1398256

Detailed,m-head01.dds,1024,1024,None,Blend,srgba,4194432
Original,m-head01.dds,1024,1024,DXT3,Blend,srgba,1398256

Detailed,m-head02.dds,1024,1024,None,Blend,srgba,4194432
Original,m-head02.dds,1024,1024,DXT3,Blend,srgba,1398256

Detailed,m-head.dds,1024,1024,None,Blend,srgba,4194432
Original,m-head.dds,1024,1024,DXT3,Blend,srgba,1398256

Detailed,Hive_Queen_body_diffuse.dds,2048,2048,None,Blend,srgba,16777344
Original,Hive_Queen_body_diffuse.dds,2048,2048,DXT5,Blend,srgba,5592560

Detailed,Hive_Queen_Head_DIF.dds,1024,1024,None,Blend,srgba,4194432
Original,Hive_Queen_Head_DIF.dds,1024,1024,DXT5,Blend,srgba,1398256

Detailed,stick_people_body_diffuse.dds,2048,2048,None,Blend,srgba,16777344
Original,stick_people_body_diffuse.dds,2048,2048,DXT5,Blend,srgba,5592560

Detailed,stick_people_body_diffuse_South_Hive.dds,2048,2048,None,Blend,srgba,16777344
Original,stick_people_body_diffuse_South_Hive.dds,2048,2048,DXT5,Blend,srgba,5592560

Detailed,stick_people_body_pale_diffuse.dds,2048,2048,None,Blend,srgba,16777344
Original,stick_people_body_pale_diffuse.dds,2048,2048,DXT5,Blend,srgba,5592560

Detailed,stick_people_head1_diffuse.dds,1024,1024,None,Blend,srgba,4194432
Original,stick_people_head1_diffuse.dds,1024,1024,DXT5,Blend,srgba,1398256

Detailed,stick_people_head1_diffuse_South_Hive.dds,1024,1024,None,Blend,srgba,4194432
Original,stick_people_head1_diffuse_South_Hive.dds,1024,1024,DXT5,Blend,srgba,1398256

Detailed,stick_people_head1_pale_diffuse.dds,1024,1024,None,Blend,srgba,4194432
Original,stick_people_head1_pale_diffuse.dds,1024,1024,DXT5,Blend,srgba,1398256

Detailed,stick_people_head2_diffuse.dds,1024,1024,None,Blend,srgba,4194432
Original,stick_people_head2_diffuse.dds,1024,1024,DXT5,Blend,srgba,1398256

Detailed,stick_people_head2_diffuse_South_Hive.dds,1024,1024,None,Blend,srgba,4194432
Original,stick_people_head2_diffuse_South_Hive.dds,1024,1024,DXT5,Blend,srgba,1398256

Detailed,stick_people_head2_pale_diffuse.dds,1024,1024,None,Blend,srgba,4194432
Original,stick_people_head2_pale_diffuse.dds,1024,1024,DXT5,Blend,srgba,1398256

Detailed,stick_people_head3_diffuse.dds,1024,1024,None,Blend,srgba,4194432
Original,stick_people_head3_diffuse.dds,1024,1024,DXT5,Blend,srgba,1398256

Detailed,stick_people_head3_diffuse_South_Hive.dds,1024,1024,None,Blend,srgba,4194432
Original,stick_people_head3_diffuse_South_Hive.dds,1024,1024,DXT5,Blend,srgba,1398256

Detailed,stick_people_head3_pale_diffuse.dds,1024,1024,None,Blend,srgba,4194432
Original,stick_people_head3_pale_diffuse.dds,1024,1024,DXT5,Blend,srgba,1398256

Detailed,fem-sun_faceF.dds,512,512,None,Blend,srgba,1048704
Original,fem-sun_faceF.dds,512,512,DXT1,Undefined,srgb,174904

Detailed,sun_faceM.dds,512,512,None,Blend,srgba,1048704
Original,sun_faceM.dds,512,512,DXT1,Undefined,srgb,174904

Detailed,sun_bodyF_D.dds,2048,2048,None,Blend,srgba,16777344
Original,sun_bodyF_D.dds,2048,2048,DXT5,Blend,srgba,5592560

Detailed,sun_bodyM_D.dds,128,128,None,Blend,srgba,65664
Original,sun_bodyM_D.dds,128,128,DXT1,Undefined,srgb,11064

Detailed,BulbGrass01_DIF.dds,1024,1024,None,Blend,srgba,4194432
Original,BulbGrass01_DIF.dds,1024,1024,DXT5,Blend,srgba,1398256

Detailed,grass_BLUE-01_colormap_small.dds,512,512,None,Blend,srgba,1048704
Original,grass_BLUE-01_colormap_small.dds,512,512,DXT1,Undefined,srgb,174904

Detailed,grass_brown-01_diffuse.dds,1024,1024,None,Blend,srgba,4194432
Original,grass_brown-01_diffuse.dds,1024,1024,DXT5,Blend,srgba,1398256

Detailed,grass_brown-01_n.dds,1024,1024,None,Blend,srgba,4194432
Original,grass_brown-01_n.dds,1024,1024,DXT5,Blend,srgba,1398256

Detailed,grass_gray-01_colormap_small.dds,512,512,None,Blend,srgba,1048704
Original,grass_gray-01_colormap_small.dds,512,512,DXT1,Undefined,srgb,174904

Detailed,grass_green-01_colormap.dds,1024,1024,None,Blend,srgba,4194432
Original,grass_green-01_colormap.dds,1024,1024,DXT1,Undefined,srgb,699192

Detailed,grass_green-01_colormapGREEN_small.dds,512,512,None,Blend,srgba,1048704
Original,grass_green-01_colormapGREEN_small.dds,512,512,DXT1,Undefined,srgb,174904

Detailed,grass_green-01_colormap_small.dds,512,512,None,Blend,srgba,1048704
Original,grass_green-01_colormap_small.dds,512,512,DXT1,Undefined,srgb,174904

Detailed,grass_green-01_diffusespecular.dds,1024,1024,None,Blend,srgba,4194432
Original,grass_green-01_diffusespecular.dds,1024,1024,DXT5,Blend,srgba,1398256

Detailed,Grass-Lowtype_DIF.dds,2048,2048,None,Blend,srgba,16777344
Original,Grass-Lowtype_DIF.dds,2048,2048,DXT5,Blend,srgba,5592560

Detailed,Grass-NewBlue_DIF.dds,2048,2048,None,Blend,srgba,16777344
Original,Grass-NewBlue_DIF.dds,2048,2048,DXT5,Blend,srgba,5592560

Detailed,Grass_Sand_DarkGreen_Lines01.dds,1024,1024,None,Blend,srgba,4194432
Original,Grass_Sand_DarkGreen_Lines01.dds,1024,1024,DXT1,Undefined,srgb,699192

Detailed,Grass_Sand_Green_Lines01.dds,1024,1024,None,Blend,srgba,4194432
Original,Grass_Sand_Green_Lines01.dds,1024,1024,DXT1,Undefined,srgb,699192

Detailed,Grass_Sand_supergrey.dds,1024,1024,None,Blend,srgba,4194432
Original,Grass_Sand_supergrey.dds,1024,1024,DXT1,Undefined,srgb,699192

Detailed,Sprite_Basic_NEW_Grass.dds,512,512,None,Blend,srgba,1048704
Original,Sprite_Basic_NEW_Grass.dds,512,512,DXT5,Blend,srgba,349680

Detailed,Sprite_Basic_NEW_Grass_REDDER.dds,512,512,None,Blend,srgba,1048704
Original,Sprite_Basic_NEW_Grass_REDDER.dds,512,512,DXT5,Blend,srgba,349680

Detailed,WiryThorns01_DIF.dds,2048,2048,None,Blend,srgba,16777344
Original,WiryThorns01_DIF.dds,2048,2048,DXT5,Blend,srgba,5592560

Detailed,WiryThorns01-WHITEblue_DIF.dds,2048,2048,None,Blend,srgba,16777344
Original,WiryThorns01-WHITEblue_DIF.dds,2048,2048,DXT5,Blend,srgba,5592560

Detailed,clutter.dds,4096,4096,None,Blend,srgba,67108992
Original,clutter.dds,4096,4096,DXT1,Blend,srgba,11184896

Detailed,Crystal.dds,2048,2048,None,Blend,srgba,16777344
Original,Crystal.dds,2048,2048,DXT1,Blend,srgba,2796288

Detailed,DeadBark.dds,512,512,None,Blend,srgba,1048704
Original,DeadBark.dds,512,512,DXT1,Undefined,srgb,174848

Detailed,Foliage_CoralGrass01_BLACKER_DIF_HI.dds,2048,2048,None,Blend,srgba,16777344
Original,Foliage_CoralGrass01_BLACKER_DIF_HI.dds,2048,2048,DXT5,Blend,srgba,5592560

Detailed,Foliage_CoralGrass01_DIF_HI.dds,2048,2048,None,Blend,srgba,16777344
Original,Foliage_CoralGrass01_DIF_HI.dds,2048,2048,DXT5,Blend,srgba,5592560

Detailed,Foliage_CoralGrass01_LIGHTBLUE_HI.dds,1024,1024,None,Blend,srgba,4194432
Original,Foliage_CoralGrass01_LIGHTBLUE_HI.dds,1024,1024,DXT5,Blend,srgba,1398256

Detailed,Foliage_CoralGrass01_REDDER_DIF_HI.dds,2048,2048,None,Blend,srgba,16777344
Original,Foliage_CoralGrass01_REDDER_DIF_HI.dds,2048,2048,DXT5,Blend,srgba,5592560

Detailed,Foliage_Hand-Plant01_DIF_HI.dds,2048,2048,None,Blend,srgba,16777344
Original,Foliage_Hand-Plant01_DIF_HI.dds,2048,2048,DXT5,Blend,srgba,5592560

Detailed,Foliage_Hand-Plant_DIF_HI.dds,2048,2048,None,Blend,srgba,16777344
Original,Foliage_Hand-Plant_DIF_HI.dds,2048,2048,DXT5,Blend,srgba,5592560

Detailed,GenericRockTexture_DIF.dds,1024,1024,None,Blend,srgba,4194432
Original,GenericRockTexture_DIF.dds,1024,1024,DXT5,Blend,srgba,1398256

Detailed,grasscolormap.dds,256,256,None,Blend,srgba,262272
Original,grasscolormap.dds,256,256,DXT3,Blend,srgba,87536

Detailed,Grass_Crumpled01_DIF.dds,1024,1024,None,Blend,srgba,4194432
Original,Grass_Crumpled01_DIF.dds,1024,1024,DXT5,Blend,srgba,1398256

Detailed,Grass_Crumpled01GREEN_DIF.dds,1024,1024,None,Blend,srgba,4194432
Original,Grass_Crumpled01GREEN_DIF.dds,1024,1024,DXT5,Blend,srgba,1398256

Detailed,GrassSpikey01_DIF.dds,1024,1024,None,Blend,srgba,4194432
Original,GrassSpikey01_DIF.dds,1024,1024,DXT5,Blend,srgba,1398256

Detailed,GrassSpikey01_REDDER_DIF.dds,1024,1024,None,Blend,srgba,4194432
Original,GrassSpikey01_REDDER_DIF.dds,1024,1024,DXT5,Blend,srgba,1398256

Detailed,GrassSprites01.dds,4096,1024,None,Blend,srgba,16777344
Original,GrassSprites01.dds,4096,1024,DXT3,Blend,srgba,5592192

Detailed,PlantGround.dds,1024,1024,None,Blend,srgba,4194432
Original,PlantGround.dds,1024,1024,DXT1,Blend,srgba,699184

Detailed,rock01.dds,512,512,None,Blend,srgba,1048704
Original,rock01.dds,512,512,DXT1,Blend,srgba,174848

Detailed,rock01_N.dds,512,512,None,Blend,srgba,1048704
Original,rock01_N.dds,512,512,DXT1,Undefined,srgb,174904

Detailed,skeleton.dds,1024,1024,None,Blend,srgba,4194432
Original,skeleton.dds,1024,1024,DXT1,Undefined,srgb,699176

Detailed,SpriteGrassBlue.dds,1024,1024,None,Blend,srgba,4194432
Original,SpriteGrassBlue.dds,1024,1024,DXT5,Blend,srgba,1398256

Detailed,SpriteGrassBrown.dds,1024,1024,None,Blend,srgba,4194432
Original,SpriteGrassBrown.dds,1024,1024,DXT5,Blend,srgba,1398256

Detailed,SpriteGrasscolourmap.dds,1024,1024,None,Blend,srgba,4194432
Original,SpriteGrasscolourmap.dds,1024,1024,DXT5,Blend,srgba,1398256

Detailed,SpriteGrassGreen01.dds,1024,1024,None,Blend,srgba,4194432
Original,SpriteGrassGreen01.dds,1024,1024,DXT5,Blend,srgba,1398256

Detailed,SpriteGrass-Greener.dds,1024,1024,None,Blend,srgba,4194432
Original,SpriteGrass-Greener.dds,1024,1024,DXT5,Blend,srgba,1398256

Detailed,SpriteGrassGreenOriginal02.dds,1024,1024,None,Blend,srgba,4194432
Original,SpriteGrassGreenOriginal02.dds,1024,1024,DXT3,Blend,srgba,1398208

Detailed,SpriteGrassYellow01.dds,1024,1024,None,Blend,srgba,4194432
Original,SpriteGrassYellow01.dds,1024,1024,DXT5,Blend,srgba,1398256

Detailed,SpriteGrassYellow02.dds,1024,1024,None,Blend,srgba,4194432
Original,SpriteGrassYellow02.dds,1024,1024,DXT3,Blend,srgba,1398224

Detailed,SpriteGrassYellow.dds,1024,1024,None,Blend,srgba,4194432
Original,SpriteGrassYellow.dds,1024,1024,DXT3,Blend,srgba,1398224

Detailed,SPRITEGroundPlantFluffyGrass01.dds,1024,1024,None,Blend,srgba,4194432
Original,SPRITEGroundPlantFluffyGrass01.dds,1024,1024,DXT5,Blend,srgba,1398256

Detailed,SPRITEGroundPlantFluffyGrass01_safe.dds,1024,1024,None,Blend,srgba,4194432
Original,SPRITEGroundPlantFluffyGrass01_safe.dds,1024,1024,DXT5,Blend,srgba,1398256

Detailed,SPRITEGroundPlantTwiggyGrass01.dds,1024,1024,None,Blend,srgba,4194432
Original,SPRITEGroundPlantTwiggyGrass01.dds,1024,1024,DXT5,Blend,srgba,1398256

Detailed,SPRITEGroundPlantTwiggyGrass01_safe.dds,1024,1024,None,Blend,srgba,4194432
Original,SPRITEGroundPlantTwiggyGrass01_safe.dds,1024,1024,DXT5,Blend,srgba,1398256

Detailed,SPRITEGroundPlantTwiggyGrass-Orange.dds,1024,1024,None,Blend,srgba,4194432
Original,SPRITEGroundPlantTwiggyGrass-Orange.dds,1024,1024,DXT5,Blend,srgba,1398256

Detailed,SpriteRedFlowers.dds,1024,1024,None,Blend,srgba,4194432
Original,SpriteRedFlowers.dds,1024,1024,DXT3,Blend,srgba,1397888

Detailed,stem01.dds,512,512,None,Blend,srgba,1048704
Original,stem01.dds,512,512,DXT1,Undefined,srgb,174888

Detailed,ThinTree02Bark.dds,1024,1024,None,Blend,srgba,4194432
Original,ThinTree02Bark.dds,1024,1024,DXT1,Blend,srgba,699168

Detailed,ThinTree02Bark_N.dds,1024,1024,None,Blend,srgba,4194432
Original,ThinTree02Bark_N.dds,1024,1024,DXT1,Undefined,srgb,699192

Detailed,TreesAtlas01_adjusted-grey.dds,2048,2048,None,Blend,srgba,16777344
Original,TreesAtlas01_adjusted-grey.dds,2048,2048,DXT5,Blend,srgba,5592560

Detailed,TreesAtlas01_adjusted-orange.dds,2048,2048,None,Blend,srgba,16777344
Original,TreesAtlas01_adjusted-orange.dds,2048,2048,DXT5,Blend,srgba,5592560

Detailed,TreesAtlas01.dds,2048,2048,None,Blend,srgba,16777344
Original,TreesAtlas01.dds,2048,2048,DXT5,Blend,srgba,5592560

Detailed,TreesAtlas01_Greener.dds,2048,2048,None,Blend,srgba,16777344
Original,TreesAtlas01_Greener.dds,2048,2048,DXT5,Blend,srgba,5592560

Detailed,Tree_Spikey_DIF.dds,2048,2048,None,Blend,srgba,16777344
Original,Tree_Spikey_DIF.dds,2048,2048,DXT5,Blend,srgba,5592560

Detailed,Tree_Spikey_DIF_HI.dds,2048,2048,None,Blend,srgba,16777344
Original,Tree_Spikey_DIF_HI.dds,2048,2048,DXT5,Blend,srgba,5592560

Detailed,Trees&VegAtlas01.dds,4096,4096,None,Blend,srgba,67108992
Original,Trees&VegAtlas01.dds,4096,4096,DXT5,Blend,srgba,22369776

Detailed,Trees&VegAtlas01_N.dds,4096,4096,None,Blend,srgba,67108992
Original,Trees&VegAtlas01_N.dds,4096,4096,DXT5,Blend,srgba,22369776

Detailed,Trees&VegAtlas02.dds,4096,4096,None,Blend,srgba,67108992
Original,Trees&VegAtlas02.dds,4096,4096,DXT5,Blend,srgba,22369776

Detailed,Trees&VegAtlas02_N.dds,4096,4096,None,Blend,srgba,67108992
Original,Trees&VegAtlas02_N.dds,4096,4096,DXT5,Blend,srgba,22369776

Detailed,tusks.dds,2048,2048,None,Blend,srgba,16777344
Original,tusks.dds,2048,2048,DXT1,Undefined,srgb,2796160

Detailed,VegAtlas01.dds,4096,1024,None,Blend,srgba,16777344
Original,VegAtlas01.dds,4096,1024,DXT5,Blend,srgba,5592592

Detailed,12121grass_brown-01_diffuse.dds,1024,1024,None,Blend,srgba,4194432
Original,12121grass_brown-01_diffuse.dds,1024,1024,DXT3,Blend,srgba,1397888

Detailed,1grass_brown-01_diffuse.dds,1024,1024,None,Blend,srgba,4194432
Original,1grass_brown-01_diffuse.dds,1024,1024,DXT3,Blend,srgba,1397888

Detailed,212121grass_brown-01_diffuse.dds,1024,1024,None,Blend,srgba,4194432
Original,212121grass_brown-01_diffuse.dds,1024,1024,DXT3,Blend,srgba,1397888

Detailed,22grass_brown-01_diffuse.dds,1024,1024,None,Blend,srgba,4194432
Original,22grass_brown-01_diffuse.dds,1024,1024,DXT3,Blend,srgba,1397888

Detailed,grass_green-01_colormap.dds,1024,1024,None,Blend,srgba,4194432
Original,grass_green-01_colormap.dds,1024,1024,DXT1,Undefined,srgb,699192

Detailed,grass_green-01_colormap_small.dds,512,512,None,Blend,srgba,1048704
Original,grass_green-01_colormap_small.dds,512,512,DXT3,Blend,srgba,349664

Detailed,grass_green-01_diffusespecular.dds,1024,1024,None,Blend,srgba,4194432
Original,grass_green-01_diffusespecular.dds,1024,1024,DXT5,Blend,srgba,1398256

Detailed,backpack_c.dds,512,512,None,Blend,srgba,1048704
Original,backpack_c.dds,512,512,DXT1,Undefined,srgb,174904

Detailed,backpack.dds,1024,1024,None,Blend,srgba,4194432
Original,backpack.dds,1024,1024,DXT5,Blend,srgba,1398256

Detailed,backpack_trader.dds,1024,1024,None,Blend,srgba,4194432
Original,backpack_trader.dds,1024,1024,DXT5,Blend,srgba,1398256

Detailed,bandanas.dds,1024,1024,None,Blend,srgba,4194432
Original,bandanas.dds,1024,1024,DXT5,Blend,srgba,1398256

Detailed,boots02-dark.dds,256,128,None,Blend,srgba,131200
Original,boots02-dark.dds,256,128,DXT5,Blend,srgba,43856

Detailed,boots02.dds,256,128,None,Blend,srgba,131200
Original,boots02.dds,256,128,DXT5,Blend,srgba,43856

Detailed,boots03.dds,1024,1024,None,Blend,srgba,4194432
Original,boots03.dds,1024,1024,DXT5,Blend,srgba,1398256

Detailed,boots.dds,512,512,None,Blend,srgba,1048704
Original,boots.dds,512,512,DXT5,Blend,srgba,349680

Detailed,sandals.dds,512,512,None,Blend,srgba,1048704
Original,sandals.dds,512,512,DXT5,Blend,srgba,349680

Detailed,coat02_c.dds,512,512,None,Blend,srgba,1048704
Original,coat02_c.dds,512,512,DXT1,Undefined,srgb,174904

Detailed,coat02-darker.dds,512,512,None,Blend,srgba,1048704
Original,coat02-darker.dds,512,512,DXT5,Blend,srgba,349680

Detailed,coat02.dds,1024,1024,None,Blend,srgba,4194432
Original,coat02.dds,1024,1024,DXT5,Blend,srgba,1398256

Detailed,coat02-fabric.dds,2048,2048,None,Blend,srgba,16777344
Original,coat02-fabric.dds,2048,2048,DXT5,Blend,srgba,5592560

Detailed,coat02-lizard.dds,2048,2048,None,Blend,srgba,16777344
Original,coat02-lizard.dds,2048,2048,DXT1,Undefined,srgb,2796344

Detailed,coat03-lizard.dds,2048,2048,None,Blend,srgba,16777344
Original,coat03-lizard.dds,2048,2048,DXT5,Blend,srgba,5592560

Detailed,coat03-medic.dds,2048,2048,None,Blend,srgba,16777344
Original,coat03-medic.dds,2048,2048,DXT5,Blend,srgba,5592560

Detailed,f_pants_c.dds,512,512,None,Blend,srgba,1048704
Original,f_pants_c.dds,512,512,DXT1,Undefined,srgb,131200

Detailed,f_pants_d2.dds,512,512,None,Blend,srgba,1048704
Original,f_pants_d2.dds,512,512,DXT5,Blend,srgba,262272

Detailed,f_pants_d5.dds,512,512,None,Blend,srgba,1048704
Original,f_pants_d5.dds,512,512,DXT5,Blend,srgba,349680

Detailed,f_pants_dc.dds,512,512,None,Blend,srgba,1048704
Original,f_pants_dc.dds,512,512,DXT5,Blend,srgba,262272

Detailed,f_pants_d.dds,512,512,None,Blend,srgba,1048704
Original,f_pants_d.dds,512,512,DXT5,Blend,srgba,262272

Detailed,blackstrawhat.dds,1024,512,None,Blend,srgba,2097280
Original,blackstrawhat.dds,1024,512,DXT5,Blend,srgba,699216

Detailed,strawhat.dds,1024,512,None,Blend,srgba,2097280
Original,strawhat.dds,1024,512,DXT5,Blend,srgba,699216

Detailed,tricorner.dds,512,512,None,Blend,srgba,1048704
Original,tricorner.dds,512,512,DXT5,Blend,srgba,349680

Detailed,Umbrella Hat_DIF_HI.dds,2048,2048,None,Blend,srgba,16777344
Original,Umbrella Hat_DIF_HI.dds,2048,2048,DXT5,Blend,srgba,5592560

Detailed,gi.dds,1024,1024,None,Blend,srgba,4194432
Original,gi.dds,1024,1024,DXT5,Blend,srgba,1398256

Detailed,jacket-trader-01_color.dds,1024,1024,None,Blend,srgba,4194432
Original,jacket-trader-01_color.dds,1024,1024,DXT1,Blend,srgba,699192

Detailed,jacket-trader-01.dds,1024,1024,None,Blend,srgba,4194432
Original,jacket-trader-01.dds,1024,1024,DXT5,Blend,srgba,1398256

Detailed,blackyellow.dds,512,512,None,Blend,srgba,1048704
Original,blackyellow.dds,512,512,DXT5,Blend,srgba,349680

Detailed,bronze.dds,512,512,None,Blend,srgba,1048704
Original,bronze.dds,512,512,DXT5,Blend,srgba,349680

Detailed,copper.dds,512,512,None,Blend,srgba,1048704
Original,copper.dds,512,512,DXT5,Blend,srgba,349680

Detailed,corrosion.dds,512,512,None,Blend,srgba,1048704
Original,corrosion.dds,512,512,DXT5,Blend,srgba,349680

Detailed,corrosion_pirate.dds,512,512,None,Blend,srgba,1048704
Original,corrosion_pirate.dds,512,512,DXT5,Blend,srgba,349680

Detailed,f_medplate_color.dds,512,512,None,Blend,srgba,1048704
Original,f_medplate_color.dds,512,512,DXT1,Blend,srgba,174904

Detailed,f_medplate_d2.dds,512,512,None,Blend,srgba,1048704
Original,f_medplate_d2.dds,512,512,DXT5,Blend,srgba,349680

Detailed,f_medplate_d3.dds,512,512,None,Blend,srgba,1048704
Original,f_medplate_d3.dds,512,512,DXT5,Blend,srgba,349680

Detailed,f_medplate_d4.dds,512,512,None,Blend,srgba,1048704
Original,f_medplate_d4.dds,512,512,DXT5,Blend,srgba,349680

Detailed,f_medplate_d5-blue.dds,512,512,None,Blend,srgba,1048704
Original,f_medplate_d5-blue.dds,512,512,DXT5,Blend,srgba,349680

Detailed,f_medplate_d5c.dds,512,512,None,Blend,srgba,1048704
Original,f_medplate_d5c.dds,512,512,DXT1,Undefined,srgb,174904

Detailed,f_medplate_d5.dds,512,512,None,Blend,srgba,1048704
Original,f_medplate_d5.dds,512,512,DXT5,Blend,srgba,349680

Detailed,f_medplate_d5desat.dds,512,512,None,Blend,srgba,1048704
Original,f_medplate_d5desat.dds,512,512,DXT5,Blend,srgba,349680

Detailed,f_medplate_d5-red.dds,512,512,None,Blend,srgba,1048704
Original,f_medplate_d5-red.dds,512,512,DXT5,Blend,srgba,349680

Detailed,f_medplate_d6.dds,512,512,None,Blend,srgba,1048704
Original,f_medplate_d6.dds,512,512,DXT5,Blend,srgba,349680

Detailed,f_medplate_d7.dds,512,512,None,Blend,srgba,1048704
Original,f_medplate_d7.dds,512,512,DXT5,Blend,srgba,349680

Detailed,f_medplate_d-black.dds,512,512,None,Blend,srgba,1048704
Original,f_medplate_d-black.dds,512,512,DXT5,Blend,srgba,349680

Detailed,f_medplate_d.dds,512,512,None,Blend,srgba,1048704
Original,f_medplate_d.dds,512,512,DXT5,Blend,srgba,349680

Detailed,f_medplate_red.dds,512,512,None,Blend,srgba,1048704
Original,f_medplate_red.dds,512,512,DXT5,Blend,srgba,349680

Detailed,green.dds,512,512,None,Blend,srgba,1048704
Original,green.dds,512,512,DXT5,Blend,srgba,349680

Detailed,greenplates.dds,512,512,None,Blend,srgba,1048704
Original,greenplates.dds,512,512,DXT5,Blend,srgba,349680

Detailed,imprintred.dds,512,512,None,Blend,srgba,1048704
Original,imprintred.dds,512,512,DXT5,Blend,srgba,349680

Detailed,orange.dds,512,512,None,Blend,srgba,1048704
Original,orange.dds,512,512,DXT5,Blend,srgba,349680

Detailed,pirate.dds,512,512,None,Blend,srgba,1048704
Original,pirate.dds,512,512,DXT5,Blend,srgba,349680

Detailed,rubber.dds,512,512,None,Blend,srgba,1048704
Original,rubber.dds,512,512,DXT5,Blend,srgba,349680

Detailed,sheets.dds,512,512,None,Blend,srgba,1048704
Original,sheets.dds,512,512,DXT5,Blend,srgba,349680

Detailed,stripe.dds,512,512,None,Blend,srgba,1048704
Original,stripe.dds,512,512,DXT5,Blend,srgba,349680

Detailed,tracked.dds,512,512,None,Blend,srgba,1048704
Original,tracked.dds,512,512,DXT5,Blend,srgba,349680

Detailed,whites.dds,512,512,None,Blend,srgba,1048704
Original,whites.dds,512,512,DXT5,Blend,srgba,349680

Detailed,yellowmetal.dds,512,512,None,Blend,srgba,1048704
Original,yellowmetal.dds,512,512,DXT5,Blend,srgba,349680

Detailed,cargo01_color.dds,1024,1024,None,Blend,srgba,4194432
Original,cargo01_color.dds,1024,1024,DXT5,Blend,srgba,1398256

Detailed,cargo01.dds,1024,1024,None,Blend,srgba,4194432
Original,cargo01.dds,1024,1024,DXT5,Blend,srgba,1398256

Detailed,cargo_Metalnesss.dds,1024,1024,None,Blend,srgba,4194432
Original,cargo_Metalnesss.dds,1024,1024,DXT1,Undefined,srgb,699192

Detailed,f_pants_c.dds,256,256,None,Blend,srgba,262272
Original,f_pants_c.dds,256,256,DXT1,Undefined,srgb,43832

Detailed,f_pants_d2.dds,512,512,None,Blend,srgba,1048704
Original,f_pants_d2.dds,512,512,DXT1,Undefined,srgb,174904

Detailed,f_pants_d5.dds,512,512,None,Blend,srgba,1048704
Original,f_pants_d5.dds,512,512,DXT5,Blend,srgba,349680

Detailed,f_pants_d-black.dds,512,512,None,Blend,srgba,1048704
Original,f_pants_d-black.dds,512,512,DXT5,Blend,srgba,349680

Detailed,f_pants_dc.dds,512,512,None,Blend,srgba,1048704
Original,f_pants_dc.dds,512,512,DXT5,Blend,srgba,262272

Detailed,f_pants_d.dds,512,512,None,Blend,srgba,1048704
Original,f_pants_d.dds,512,512,DXT5,Blend,srgba,349680

Detailed,f_pants_plated_color.dds,512,512,None,Blend,srgba,1048704
Original,f_pants_plated_color.dds,512,512,DXT1,Blend,srgba,174904

Detailed,f_pants_plated_dark.dds,512,512,None,Blend,srgba,1048704
Original,f_pants_plated_dark.dds,512,512,DXT5,Blend,srgba,349680

Detailed,f_pants_plated_rusty.dds,512,512,None,Blend,srgba,1048704
Original,f_pants_plated_rusty.dds,512,512,DXT5,Blend,srgba,349680

Detailed,Samurai_d_HI.dds,2048,2048,None,Blend,srgba,16777344
Original,Samurai_d_HI.dds,2048,2048,DXT5,Blend,srgba,5592560

Detailed,Samurai_RUSTED_DIF_HI.dds,2048,2048,None,Blend,srgba,16777344
Original,Samurai_RUSTED_DIF_HI.dds,2048,2048,DXT5,Blend,srgba,5592560

Detailed,Assassin1_d.dds,512,512,None,Blend,srgba,1048704
Original,Assassin1_d.dds,512,512,DXT5,Blend,srgba,349680

Detailed,Assassin1_d_HI.dds,2048,2048,None,Blend,srgba,16777344
Original,Assassin1_d_HI.dds,2048,2048,DXT5,Blend,srgba,5592560

Detailed,Assassin1_white_d_HI.dds,2048,2048,None,Blend,srgba,16777344
Original,Assassin1_white_d_HI.dds,2048,2048,DXT5,Blend,srgba,5592560

Detailed,Assassin2_d_HI.dds,2048,2048,None,Blend,srgba,16777344
Original,Assassin2_d_HI.dds,2048,2048,DXT5,Blend,srgba,5592560

Detailed,barbarian_d_black_HI.dds,2048,2048,None,Blend,srgba,16777344
Original,barbarian_d_black_HI.dds,2048,2048,DXT1,Undefined,srgb,2796344

Detailed,barbarian_d_green_HI.dds,2048,2048,None,Blend,srgba,16777344
Original,barbarian_d_green_HI.dds,2048,2048,DXT3,Blend,srgba,5592560

Detailed,barbarian_d_HI.dds,2048,2048,None,Blend,srgba,16777344
Original,barbarian_d_HI.dds,2048,2048,DXT5,Blend,srgba,5592560

Detailed,barbarian_dif_HI.dds,2048,2048,None,Blend,srgba,16777344
Original,barbarian_dif_HI.dds,2048,2048,DXT1,Undefined,srgb,2796344

Detailed,barbarian_d_leathergreen_HI.dds,2048,2048,None,Blend,srgba,16777344
Original,barbarian_d_leathergreen_HI.dds,2048,2048,DXT5,Blend,srgba,5592560

Detailed,barbarian_d_leather_HI.dds,2048,2048,None,Blend,srgba,16777344
Original,barbarian_d_leather_HI.dds,2048,2048,DXT5,Blend,srgba,5592560

Detailed,barbarian_d_plain_HI.dds,2048,2048,None,Blend,srgba,16777344
Original,barbarian_d_plain_HI.dds,2048,2048,DXT5,Blend,srgba,5592560

Detailed,barbarian_d_red_HI.dds,2048,2048,None,Blend,srgba,16777344
Original,barbarian_d_red_HI.dds,2048,2048,DXT1,Undefined,srgb,2796344

Detailed,barbarian_masks_HI.dds,2048,2048,None,Blend,srgba,16777344
Original,barbarian_masks_HI.dds,2048,2048,DXT1,Undefined,srgb,2796344

Detailed,Drifter1_D_HI.dds,2048,2048,None,Blend,srgba,16777344
Original,Drifter1_D_HI.dds,2048,2048,DXT5,Blend,srgba,5592560

Detailed,Drifter2_D_HI.dds,2048,2048,None,Blend,srgba,16777344
Original,Drifter2_D_HI.dds,2048,2048,DXT3,Blend,srgba,5592560

Detailed,Drifter2_pants_Light Armour_DIF_HI.dds,2048,1024,None,Blend,srgba,8388736
Original,Drifter2_pants_Light Armour_DIF_HI.dds,2048,1024,DXT5,Blend,srgba,2796368

Detailed,Drifter3_D_HI.dds,2048,2048,None,Blend,srgba,16777344
Original,Drifter3_D_HI.dds,2048,2048,DXT5,Blend,srgba,5592560

Detailed,DrifterCoatFemale_masks_HI.dds,2048,2048,None,Blend,srgba,16777344
Original,DrifterCoatFemale_masks_HI.dds,2048,2048,DXT1,Undefined,srgb,2796344

Detailed,DrifterCoat_Male_d_HI.dds,2048,1024,None,Blend,srgba,8388736
Original,DrifterCoat_Male_d_HI.dds,2048,1024,DXT3,Blend,srgba,2796368

Detailed,DrifterCoat_Male_masks_HI.dds,2048,2048,None,Blend,srgba,16777344
Original,DrifterCoat_Male_masks_HI.dds,2048,2048,DXT1,Undefined,srgb,2796344

Detailed,DrifterCoat_robotblack_d_HI.dds,2048,1024,None,Blend,srgba,8388736
Original,DrifterCoat_robotblack_d_HI.dds,2048,1024,DXT1,Undefined,srgb,1398248

Detailed,dusthat_d_HI.dds,1024,1024,None,Blend,srgba,4194432
Original,dusthat_d_HI.dds,1024,1024,DXT5,Blend,srgba,1398256

Detailed,FANCY-CLOTHES_D_HI.dds,2048,2048,None,Blend,srgba,16777344
Original,FANCY-CLOTHES_D_HI.dds,2048,2048,DXT5,Blend,srgba,5592560

Detailed,FANCY-CLOTHES_mask_HI.dds,2048,2048,None,Blend,srgba,16777344
Original,FANCY-CLOTHES_mask_HI.dds,2048,2048,DXT1,Undefined,srgb,2796344

Detailed,FANCY-CLOTHES_mask_Pants_HI.dds,2048,2048,None,Blend,srgba,16777344
Original,FANCY-CLOTHES_mask_Pants_HI.dds,2048,2048,DXT1,Undefined,srgb,2796344

Detailed,FANCY-CLOTHES_N_HI.dds,2048,2048,None,Blend,srgba,16777344
Original,FANCY-CLOTHES_N_HI.dds,2048,2048,DXT1,Undefined,srgb,2796344

Detailed,Hack Stopper_DIF_HI.dds,4096,4096,None,Blend,srgba,67108992
Original,Hack Stopper_DIF_HI.dds,4096,4096,DXT5,Blend,srgba,22369776

Detailed,Haircut_Attachments.dds,1024,1024,None,Blend,srgba,4194432
Original,Haircut_Attachments.dds,1024,1024,DXT3,Blend,srgba,1398256

Detailed,hat3_D_HI.dds,1024,1024,None,Blend,srgba,4194432
Original,hat3_D_HI.dds,1024,1024,DXT5,Blend,srgba,1398256

Detailed,hat3_N_HI.dds,1024,1024,None,Blend,srgba,4194432
Original,hat3_N_HI.dds,1024,1024,DXT5,Blend,srgba,1398256

Detailed,helmets_D_LO.dds,4096,4096,None,Blend,srgba,67108992
Original,helmets_D_LO.dds,4096,4096,DXT5,Blend,srgba,22369776

Detailed,helmets_masks_HI.dds,4096,4096,None,Blend,srgba,67108992
Original,helmets_masks_HI.dds,4096,4096,DXT1,Undefined,srgb,11184952

Detailed,helmets_N_LO.dds,4096,4096,None,Blend,srgba,67108992
Original,helmets_N_LO.dds,4096,4096,DXT5,Blend,srgba,22369776

Detailed,Human_Skin_Suit_DIF_HI.dds,2048,2048,None,Blend,srgba,16777344
Original,Human_Skin_Suit_DIF_HI.dds,2048,2048,DXT5,Blend,srgba,5592560

Detailed,Human_Skin_Suit_NML_HI.dds,2048,2048,None,Blend,srgba,16777344
Original,Human_Skin_Suit_NML_HI.dds,2048,2048,DXT1,Undefined,srgb,2796344

Detailed,ManSkin_DIF_HI.dds,2048,2048,None,Blend,srgba,16777344
Original,ManSkin_DIF_HI.dds,2048,2048,DXT5,Blend,srgba,5592560

Detailed,ManSkin_NML_HI.dds,2048,2048,None,Blend,srgba,16777344
Original,ManSkin_NML_HI.dds,2048,2048,DXT1,Undefined,srgb,2796344

Detailed,mask1_diffuse_HI.dds,512,512,None,Blend,srgba,1048704
Original,mask1_diffuse_HI.dds,512,512,DXT5,Blend,srgba,349680

Detailed,mask2_diffuse_HI.dds,512,512,None,Blend,srgba,1048704
Original,mask2_diffuse_HI.dds,512,512,DXT5,Blend,srgba,349680

Detailed,mask3_diffuse_HI.dds,512,512,None,Blend,srgba,1048704
Original,mask3_diffuse_HI.dds,512,512,DXT5,Blend,srgba,349680

Detailed,Monk_C_HI.dds,256,256,None,Blend,srgba,262272
Original,Monk_C_HI.dds,256,256,DXT1,Undefined,srgb,43832

Detailed,Monk_D_black_HI.dds,2048,2048,None,Blend,srgba,16777344
Original,Monk_D_black_HI.dds,2048,2048,DXT1,Undefined,srgb,2796344

Detailed,Monk_D_gi_HI.dds,2048,2048,None,Blend,srgba,16777344
Original,Monk_D_gi_HI.dds,2048,2048,DXT1,Undefined,srgb,2796344

Detailed,Monk_D_HI.dds,2048,2048,None,Blend,srgba,16777344
Original,Monk_D_HI.dds,2048,2048,DXT1,Undefined,srgb,2796344

Detailed,Outlander Jacket_DIF_HI.dds,2048,2048,None,Blend,srgba,16777344
Original,Outlander Jacket_DIF_HI.dds,2048,2048,DXT5,Blend,srgba,5592560

Detailed,police_d_HI.dds,2048,2048,None,Blend,srgba,16777344
Original,police_d_HI.dds,2048,2048,DXT5,Blend,srgba,5592560

Detailed,police_masks_HI.dds,2048,2048,None,Blend,srgba,16777344
Original,police_masks_HI.dds,2048,2048,DXT1,Undefined,srgb,2796344

Detailed,RagArmored_COL_HI.dds,1024,1024,None,Blend,srgba,4194432
Original,RagArmored_COL_HI.dds,1024,1024,DXT1,Undefined,srgb,699192

Detailed,RagArmored_D_HI.dds,2048,2048,None,Blend,srgba,16777344
Original,RagArmored_D_HI.dds,2048,2048,DXT3,Blend,srgba,5592560

Detailed,RobotMask_DIF_HI.dds,2048,2048,None,Blend,srgba,16777344
Original,RobotMask_DIF_HI.dds,2048,2048,DXT5,Blend,srgba,5592560

Detailed,RobotMask_METAL_HI.dds,1024,1024,None,Blend,srgba,4194432
Original,RobotMask_METAL_HI.dds,1024,1024,DXT1,Undefined,srgb,699192

Detailed,Samurai6_dark_HI.dds,2048,2048,None,Blend,srgba,16777344
Original,Samurai6_dark_HI.dds,2048,2048,DXT5,Blend,srgba,5592560

Detailed,Samurai6_D_HI.dds,2048,2048,None,Blend,srgba,16777344
Original,Samurai6_D_HI.dds,2048,2048,DXT5,Blend,srgba,5592560

Detailed,Samurai6_masks_HI.dds,2048,2048,None,Blend,srgba,16777344
Original,Samurai6_masks_HI.dds,2048,2048,DXT1,Undefined,srgb,2796344

Detailed,Samurai6_N_HI.dds,2048,2048,None,Blend,srgba,16777344
Original,Samurai6_N_HI.dds,2048,2048,DXT1,Undefined,srgb,2796344

Detailed,samurai_masks_HI.dds,2048,2048,None,Blend,srgba,16777344
Original,samurai_masks_HI.dds,2048,2048,DXT1,Undefined,srgb,2796344

Detailed,Slave_D_HI.dds,2048,2048,None,Blend,srgba,16777344
Original,Slave_D_HI.dds,2048,2048,DXT1,Undefined,srgb,2796344

Detailed,Tagelmust_Chainmail_dark_DIF_HI.dds,1024,1024,None,Blend,srgba,4194432
Original,Tagelmust_Chainmail_dark_DIF_HI.dds,1024,1024,DXT5,Blend,srgba,1398256

Detailed,Tagelmust_Chainmail_DIF_HI.dds,1024,1024,None,Blend,srgba,4194432
Original,Tagelmust_Chainmail_DIF_HI.dds,1024,1024,DXT5,Blend,srgba,1398256

Detailed,Tank_Iron-Clad_DIF_HI.dds,4096,4096,None,Blend,srgba,67108992
Original,Tank_Iron-Clad_DIF_HI.dds,4096,4096,DXT5,Blend,srgba,22369776

Detailed,augmail.dds,2000,2000,None,Blend,srgba,16000128
Original,augmail.dds,2000,2000,DXT5,Blend,srgba,5335488

Detailed,augmail-fine.dds,2000,2000,None,Blend,srgba,16000128
Original,augmail-fine.dds,2000,2000,DXT5,Blend,srgba,5335488

Detailed,chainmail.dds,2048,2048,None,Blend,srgba,16777344
Original,chainmail.dds,2048,2048,DXT5,Blend,srgba,5592560

Detailed,fabric1_color.dds,512,512,None,Blend,srgba,1048704
Original,fabric1_color.dds,512,512,DXT1,Undefined,srgb,174904

Detailed,fabric1.dds,512,512,None,Blend,srgba,1048704
Original,fabric1.dds,512,512,DXT5,Blend,srgba,349680

Detailed,fabric2metal2.dds,1024,1024,None,Blend,srgba,4194432
Original,fabric2metal2.dds,1024,1024,DXT5,Blend,srgba,1398256

Detailed,fabric2metal_dark.dds,1024,1024,None,Blend,srgba,4194432
Original,fabric2metal_dark.dds,1024,1024,DXT5,Blend,srgba,1398256

Detailed,fabric2metal.dds,2048,2048,None,Blend,srgba,16777344
Original,fabric2metal.dds,2048,2048,DXT5,Blend,srgba,5592560

Detailed,pants_n.dds,2048,2048,None,Blend,srgba,16777344
Original,pants_n.dds,2048,2048,DXT3,Blend,srgba,5592560

Detailed,shirt3.dds,2048,2048,None,Blend,srgba,16777344
Original,shirt3.dds,2048,2048,DXT5,Blend,srgba,5592560

Detailed,shirt3-grey.dds,1024,1024,None,Blend,srgba,4194432
Original,shirt3-grey.dds,1024,1024,DXT5,Blend,srgba,1398256

Detailed,shirt3-leather.dds,1024,1024,None,Blend,srgba,4194432
Original,shirt3-leather.dds,1024,1024,DXT5,Blend,srgba,1398256

Detailed,shirt3-white.dds,1024,1024,None,Blend,srgba,4194432
Original,shirt3-white.dds,1024,1024,DXT5,Blend,srgba,1398256

Detailed,vest1_colormap.dds,512,512,None,Blend,srgba,1048704
Original,vest1_colormap.dds,512,512,DXT1,Undefined,srgb,174904

Detailed,vest_n.dds,1024,1024,None,Blend,srgba,4194432
Original,vest_n.dds,1024,1024,DXT3,Blend,srgba,1398256

Detailed,colormap_all.dds,512,512,None,Blend,srgba,1048704
Original,colormap_all.dds,64,64,DXT1,Undefined,srgb,2872

Detailed,colormap_default.dds,64,64,DXT1,Undefined,srgb,2872
Original,colormap_default.dds,64,64,DXT1,Undefined,srgb,2872

Detailed,fan1.dds,512,512,DXT1,Undefined,srgb,131200
Original,fan1.dds,512,512,DXT1,Undefined,srgb,131200

Detailed,fan2.dds,1024,1024,DXT1,Undefined,srgb,524416
Original,fan2.dds,1024,1024,DXT1,Undefined,srgb,524416

Detailed,book01.dds,256,256,None,Blend,srgba,262272
Original,book01.dds,256,256,DXT1,Undefined,srgb,43832

Detailed,book02.dds,256,256,None,Blend,srgba,262272
Original,book02.dds,256,256,DXT1,Undefined,srgb,43832

Detailed,book03.dds,256,256,None,Blend,srgba,262272
Original,book03.dds,256,256,DXT1,Undefined,srgb,43832

Detailed,Crossbow01_DIF_HI.dds,2048,2048,None,Blend,srgba,16777344
Original,Crossbow01_DIF_HI.dds,2048,2048,DXT5,Blend,srgba,5592560

Detailed,Eagles_Cross_DIF_HI.dds,2048,2048,None,Blend,srgba,16777344
Original,Eagles_Cross_DIF_HI.dds,2048,2048,DXT5,Blend,srgba,5592560

Detailed,Fish01_DIF.dds,1024,1024,None,Blend,srgba,4194432
Original,Fish01_DIF.dds,1024,1024,DXT5,Blend,srgba,1398256

Detailed,Fishing-Set_DIF.dds,1024,1024,None,Blend,srgba,4194432
Original,Fishing-Set_DIF.dds,1024,1024,DXT5,Blend,srgba,1398256

Detailed,FishNet-Loop_DIF.dds,1024,1024,None,Blend,srgba,4194432
Original,FishNet-Loop_DIF.dds,1024,1024,DXT5,Blend,srgba,1398256

Detailed,general_items_diffuse.dds,1024,1024,None,Blend,srgba,4194432
Original,general_items_diffuse.dds,1024,1024,DXT5,Blend,srgba,1398256

Detailed,general_items_normal.dds,1024,1024,None,Blend,srgba,4194432
Original,general_items_normal.dds,1024,1024,DXT5,Blend,srgba,1398256

Detailed,Ground Sack_DIF_HI.dds,1024,1024,None,Blend,srgba,4194432
Original,Ground Sack_DIF_HI.dds,1024,1024,DXT5,Blend,srgba,1398256

Detailed,map_diffuse.dds,256,256,None,Blend,srgba,262272
Original,map_diffuse.dds,256,256,DXT1,Undefined,srgb,43832

Detailed,map_normal.dds,256,256,None,Blend,srgba,262272
Original,map_normal.dds,256,256,DXT1,Undefined,srgb,43832

Detailed,Spring-Bat_DIF_HI.dds,2048,2048,None,Blend,srgba,16777344
Original,Spring-Bat_DIF_HI.dds,2048,2048,DXT5,Blend,srgba,5592560

Detailed,Tooth-Pick_DIF_HI.dds,2048,2048,None,Blend,srgba,16777344
Original,Tooth-Pick_DIF_HI.dds,2048,2048,DXT5,Blend,srgba,5592560

Detailed,medRust.dds,512,512,DXT1,Undefined,srgb,131200
Original,medRust.dds,512,512,DXT1,Undefined,srgb,131200

Detailed,bale3.dds,256,512,None,Blend,srgba,524416
Original,bale3.dds,256,512,DXT1,Undefined,srgb,87528

Detailed,bale3hemp.dds,256,512,None,Blend,srgba,524416
Original,bale3hemp.dds,256,512,DXT1,Undefined,srgb,87528

Detailed,Coin_DIF.dds,512,512,None,Blend,srgba,1048704
Original,Coin_DIF.dds,512,512,DXT5,Blend,srgba,349680

Detailed,Coin_NML.dds,512,512,None,Blend,srgba,1048704
Original,Coin_NML.dds,512,512,DXT1,Undefined,srgb,174904

Detailed,Fancy-Rug_COLOURMAP.dds,1024,1024,None,Blend,srgba,4194432
Original,Fancy-Rug_COLOURMAP.dds,1024,1024,DXT1,Undefined,srgb,699192

Detailed,Fancy-Rug_DIF.dds,1024,1024,None,Blend,srgba,4194432
Original,Fancy-Rug_DIF.dds,1024,1024,DXT5,Blend,srgba,1398256

Detailed,FoodUnits_DIF.dds,1024,1024,None,Blend,srgba,4194432
Original,FoodUnits_DIF.dds,1024,1024,DXT5,Blend,srgba,1398256

Detailed,loaf.dds,256,256,None,Blend,srgba,262272
Original,loaf.dds,256,256,DXT1,Undefined,srgb,43832

Detailed,medicsack.dds,256,256,None,Blend,srgba,262272
Original,medicsack.dds,256,256,DXT1,Undefined,srgb,43832

Detailed,medkit05.dds,512,512,None,Blend,srgba,1048704
Original,medkit05.dds,512,512,DXT1,Undefined,srgb,174904

Detailed,potatosack.dds,256,512,None,Blend,srgba,524416
Original,potatosack.dds,256,512,DXT1,Undefined,srgb,87528

Detailed,rumjug.dds,512,256,None,Blend,srgba,524416
Original,rumjug.dds,512,256,DXT5,Blend,srgba,174928

Detailed,animal_refuse_diffuse_HI.dds,1024,1024,None,Blend,srgba,4194432
Original,animal_refuse_diffuse_HI.dds,1024,1024,DXT5,Blend,srgba,1398256

Detailed,animal_refuse_normal_HI.dds,1024,1024,None,Blend,srgba,4194432
Original,animal_refuse_normal_HI.dds,1024,1024,DXT1,Undefined,srgb,699192

Detailed,normaltesting.dds,128,128,DXT1,Undefined,srgb,11064
Original,normaltesting.dds,128,128,DXT1,Undefined,srgb,11064

Detailed,plaindark.dds,128,128,DXT1,Undefined,srgb,8320
Original,plaindark.dds,128,128,DXT1,Undefined,srgb,8320

Detailed,plaindarkred.dds,128,128,DXT1,Undefined,srgb,8320
Original,plaindarkred.dds,128,128,DXT1,Undefined,srgb,8320

Detailed,smallRust.dds,256,256,DXT1,Undefined,srgb,32896
Original,smallRust.dds,256,256,DXT1,Undefined,srgb,32896

Detailed,Chain Vest ExtraBits+_ DIF_HI.dds,2048,2048,None,Blend,srgba,16777344
Original,Chain Vest ExtraBits+_ DIF_HI.dds,2048,2048,DXT5,Blend,srgba,5592560

Detailed,femalebandages_D_HI.dds,2048,2048,None,Blend,srgba,16777344
Original,femalebandages_D_HI.dds,2048,2048,DXT5,Blend,srgba,5592560

Detailed,femalebandages_N_HI.dds,2048,2048,None,Blend,srgba,16777344
Original,femalebandages_N_HI.dds,2048,2048,DXT5,Blend,srgba,5592560

Detailed,Female_undershirts01_chaindark_D_HI.dds,2048,2048,None,Blend,srgba,16777344
Original,Female_undershirts01_chaindark_D_HI.dds,2048,2048,DXT5,Blend,srgba,5592560

Detailed,Female_undershirts01_chain_D_HI.dds,2048,2048,None,Blend,srgba,16777344
Original,Female_undershirts01_chain_D_HI.dds,2048,2048,DXT5,Blend,srgba,5592560

Detailed,Female_undershirts01_D_HI.dds,2048,2048,None,Blend,srgba,16777344
Original,Female_undershirts01_D_HI.dds,2048,2048,DXT5,Blend,srgba,5592560

Detailed,Female_undershirts01_leather_D_HI.dds,2048,2048,None,Blend,srgba,16777344
Original,Female_undershirts01_leather_D_HI.dds,2048,2048,DXT5,Blend,srgba,5592560

Detailed,Female_undershirts01_rust_chain_D_HI.dds,2048,2048,None,Blend,srgba,16777344
Original,Female_undershirts01_rust_chain_D_HI.dds,2048,2048,DXT5,Blend,srgba,5592560

Detailed,Female_undershirts02_chaindark_D_HI.dds,2048,2048,None,Blend,srgba,16777344
Original,Female_undershirts02_chaindark_D_HI.dds,2048,2048,DXT5,Blend,srgba,5592560

Detailed,Female_undershirts02_chain_D_HI.dds,2048,2048,None,Blend,srgba,16777344
Original,Female_undershirts02_chain_D_HI.dds,2048,2048,DXT5,Blend,srgba,5592560

Detailed,Female_undershirts02_D_HI.dds,2048,2048,None,Blend,srgba,16777344
Original,Female_undershirts02_D_HI.dds,2048,2048,DXT5,Blend,srgba,5592560

Detailed,Female_undershirts02_leatherdark_D_HI.dds,2048,2048,None,Blend,srgba,16777344
Original,Female_undershirts02_leatherdark_D_HI.dds,2048,2048,DXT5,Blend,srgba,5592560

Detailed,Female_undershirts02_leather_D_HI.dds,2048,2048,None,Blend,srgba,16777344
Original,Female_undershirts02_leather_D_HI.dds,2048,2048,DXT5,Blend,srgba,5592560

Detailed,Female_undershirts02_rust_chain_D_HI.dds,2048,2048,None,Blend,srgba,16777344
Original,Female_undershirts02_rust_chain_D_HI.dds,2048,2048,DXT5,Blend,srgba,5592560

Detailed,Female_undershirts03_D_HI.dds,2048,2048,None,Blend,srgba,16777344
Original,Female_undershirts03_D_HI.dds,2048,2048,DXT5,Blend,srgba,5592560

Detailed,Female_undershirts03_leather_D_HI.dds,2048,2048,None,Blend,srgba,16777344
Original,Female_undershirts03_leather_D_HI.dds,2048,2048,DXT5,Blend,srgba,5592560

Detailed,HIVE_ChainmailVest-Blackened_DIF_HI.dds,2048,2048,None,Blend,srgba,16777344
Original,HIVE_ChainmailVest-Blackened_DIF_HI.dds,2048,2048,DXT5,Blend,srgba,5592560

Detailed,HIVE_ChainmailVest_DIF_HI.dds,2048,2048,None,Blend,srgba,16777344
Original,HIVE_ChainmailVest_DIF_HI.dds,2048,2048,DXT5,Blend,srgba,5592560

Detailed,HIVE_ChainmailVest-RUSTED_DIF_HI.dds,2048,2048,None,Blend,srgba,16777344
Original,HIVE_ChainmailVest-RUSTED_DIF_HI.dds,2048,2048,DXT5,Blend,srgba,5592560

Detailed,Hive_leather shirt_Belt-bit_DIF_HI.dds,2048,2048,None,Blend,srgba,16777344
Original,Hive_leather shirt_Belt-bit_DIF_HI.dds,2048,2048,DXT5,Blend,srgba,5592560

Detailed,Hive_undershirts01_leather_D_HI.dds,2048,2048,None,Blend,srgba,16777344
Original,Hive_undershirts01_leather_D_HI.dds,2048,2048,DXT5,Blend,srgba,5592560

Detailed,maleBandages_D_HI.dds,2048,2048,None,Blend,srgba,16777344
Original,maleBandages_D_HI.dds,2048,2048,DXT5,Blend,srgba,5592560

Detailed,Male_undershirts01_chaindark_D_HI.dds,2048,2048,None,Blend,srgba,16777344
Original,Male_undershirts01_chaindark_D_HI.dds,2048,2048,DXT5,Blend,srgba,5592560

Detailed,Male_undershirts01_chain_D_HI.dds,2048,2048,None,Blend,srgba,16777344
Original,Male_undershirts01_chain_D_HI.dds,2048,2048,DXT5,Blend,srgba,5592560

Detailed,Male_undershirts01_dark_D_HI.dds,2048,2048,None,Blend,srgba,16777344
Original,Male_undershirts01_dark_D_HI.dds,2048,2048,DXT5,Blend,srgba,5592560

Detailed,Male_undershirts01_leather_D_HI.dds,1024,1024,None,Blend,srgba,4194432
Original,Male_undershirts01_leather_D_HI.dds,2048,2048,DXT5,Blend,srgba,5592560

Detailed,Male_undershirts01_rust_chain_diffuse_HI.dds,2048,2048,None,Blend,srgba,16777344
Original,Male_undershirts01_rust_chain_diffuse_HI.dds,2048,2048,DXT5,Blend,srgba,5592560

Detailed,Male_undershirts02_chaindark_D_HI.dds,2048,2048,None,Blend,srgba,16777344
Original,Male_undershirts02_chaindark_D_HI.dds,2048,2048,DXT5,Blend,srgba,5592560

Detailed,Male_undershirts02_chain_D_HI.dds,2048,2048,None,Blend,srgba,16777344
Original,Male_undershirts02_chain_D_HI.dds,2048,2048,DXT5,Blend,srgba,5592560

Detailed,Male_undershirts02_D_HI.dds,2048,2048,None,Blend,srgba,16777344
Original,Male_undershirts02_D_HI.dds,2048,2048,DXT5,Blend,srgba,5592560

Detailed,Male_undershirts02_leatherdark_D_HI.dds,2048,2048,None,Blend,srgba,16777344
Original,Male_undershirts02_leatherdark_D_HI.dds,2048,2048,DXT5,Blend,srgba,5592560

Detailed,Male_undershirts02_leather_D_HI.dds,2048,2048,None,Blend,srgba,16777344
Original,Male_undershirts02_leather_D_HI.dds,2048,2048,DXT5,Blend,srgba,5592560

Detailed,Male_undershirts02_rust_chain_D_HI.dds,2048,2048,None,Blend,srgba,16777344
Original,Male_undershirts02_rust_chain_D_HI.dds,2048,2048,DXT5,Blend,srgba,5592560

Detailed,Male_undershirts03_D_HI.dds,2048,2048,None,Blend,srgba,16777344
Original,Male_undershirts03_D_HI.dds,2048,2048,DXT5,Blend,srgba,5592560

Detailed,Male_undershirts03_leather_D_HI.dds,2048,2048,None,Blend,srgba,16777344
Original,Male_undershirts03_leather_D_HI.dds,2048,2048,DXT5,Blend,srgba,5592560

Detailed,01_HI.dds,1024,1024,None,Blend,srgba,4194432
Original,01_HI.dds,1024,1024,DXT5,Blend,srgba,1398256

Detailed,01_Metalness_HI.dds,1024,1024,None,Blend,srgba,4194432
Original,01_Metalness_HI.dds,1024,1024,DXT1,Undefined,srgb,699192

Detailed,02_HI.dds,1024,1024,None,Blend,srgba,4194432
Original,02_HI.dds,1024,1024,DXT5,Blend,srgba,1398256

Detailed,03_HI.dds,1024,1024,None,Blend,srgba,4194432
Original,03_HI.dds,1024,1024,DXT5,Blend,srgba,1398256

Detailed,04_HI.dds,1024,1024,None,Blend,srgba,4194432
Original,04_HI.dds,1024,1024,DXT5,Blend,srgba,1398256

Detailed,05_HI.dds,1024,1024,None,Blend,srgba,4194432
Original,05_HI.dds,1024,1024,DXT5,Blend,srgba,1398256

Detailed,06_HI.dds,1024,1024,None,Blend,srgba,4194432
Original,06_HI.dds,1024,1024,DXT5,Blend,srgba,1398256

Detailed,07_HI.dds,1024,1024,None,Blend,srgba,4194432
Original,07_HI.dds,1024,1024,DXT5,Blend,srgba,1398256

Detailed,08_HI.dds,1024,1024,None,Blend,srgba,4194432
Original,08_HI.dds,1024,1024,DXT5,Blend,srgba,1398256

Detailed,09_HI.dds,1024,1024,None,Blend,srgba,4194432
Original,09_HI.dds,1024,1024,DXT5,Blend,srgba,1398256

Detailed,10_HI.dds,1024,1024,None,Blend,srgba,4194432
Original,10_HI.dds,1024,1024,DXT5,Blend,srgba,1398256

Detailed,11_HI.dds,1024,1024,None,Blend,srgba,4194432
Original,11_HI.dds,1024,1024,DXT5,Blend,srgba,1398256

Detailed,12_HI.dds,1024,1024,None,Blend,srgba,4194432
Original,12_HI.dds,1024,1024,DXT5,Blend,srgba,1398256

Detailed,13_HI.dds,1024,1024,None,Blend,srgba,4194432
Original,13_HI.dds,1024,1024,DXT5,Blend,srgba,1398256

Detailed,13_n_HI.dds,1024,1024,None,Blend,srgba,4194432
Original,13_n_HI.dds,1024,1024,DXT1,Undefined,srgb,699192

Detailed,14_HI.dds,1024,1024,None,Blend,srgba,4194432
Original,14_HI.dds,1024,1024,DXT5,Blend,srgba,1398256

Detailed,14_n_HI.dds,1024,1024,None,Blend,srgba,4194432
Original,14_n_HI.dds,1024,1024,DXT1,Undefined,srgb,699192

Detailed,15_HI.dds,1024,1024,None,Blend,srgba,4194432
Original,15_HI.dds,1024,1024,DXT5,Blend,srgba,1398256

Detailed,15_n_HI.dds,1024,1024,None,Blend,srgba,4194432
Original,15_n_HI.dds,1024,1024,DXT1,Undefined,srgb,699192

Detailed,med1.dds,1024,1024,None,Blend,srgba,4194432
Original,med1.dds,1024,1024,DXT5,Blend,srgba,1398256

Detailed,med2.dds,1024,1024,None,Blend,srgba,4194432
Original,med2.dds,1024,1024,DXT5,Blend,srgba,1398256

Detailed,med3.dds,1024,1024,None,Blend,srgba,4194432
Original,med3.dds,1024,1024,DXT5,Blend,srgba,1398256

Detailed,med4.dds,1024,1024,None,Blend,srgba,4194432
Original,med4.dds,1024,1024,DXT5,Blend,srgba,1398256

Detailed,orange1.dds,1024,1024,None,Blend,srgba,4194432
Original,orange1.dds,1024,1024,DXT5,Blend,srgba,1398256

Detailed,orange2.dds,1024,1024,None,Blend,srgba,4194432
Original,orange2.dds,1024,1024,DXT5,Blend,srgba,1398256

Detailed,orangepits1.dds,1024,1024,None,Blend,srgba,4194432
Original,orangepits1.dds,1024,1024,DXT5,Blend,srgba,1398256

Detailed,orangepits2.dds,1024,1024,None,Blend,srgba,4194432
Original,orangepits2.dds,1024,1024,DXT5,Blend,srgba,1398256

Detailed,plain2.dds,1024,1024,None,Blend,srgba,4194432
Original,plain2.dds,1024,1024,DXT5,Blend,srgba,1398256

Detailed,plain4.dds,1024,1024,None,Blend,srgba,4194432
Original,plain4.dds,1024,1024,DXT5,Blend,srgba,1398256

Detailed,plain5.dds,1024,1024,None,Blend,srgba,4194432
Original,plain5.dds,1024,1024,DXT5,Blend,srgba,1398256

Detailed,plain6.dds,1024,1024,None,Blend,srgba,4194432
Original,plain6.dds,1024,1024,DXT5,Blend,srgba,1398256

Detailed,rough3.dds,1024,1024,None,Blend,srgba,4194432
Original,rough3.dds,1024,1024,DXT5,Blend,srgba,1398256

Detailed,rough4.dds,1024,1024,None,Blend,srgba,4194432
Original,rough4.dds,1024,1024,DXT5,Blend,srgba,1398256

Detailed,rough5.dds,1024,1024,None,Blend,srgba,4194432
Original,rough5.dds,1024,1024,DXT5,Blend,srgba,1398256

Detailed,rough6.dds,1024,1024,None,Blend,srgba,4194432
Original,rough6.dds,1024,1024,DXT5,Blend,srgba,1398256

Detailed,rustbad1.dds,512,512,None,Blend,srgba,1048704
Original,rustbad1.dds,512,512,DXT5,Blend,srgba,349680

Detailed,rustbad2.dds,512,512,None,Blend,srgba,1048704
Original,rustbad2.dds,512,512,DXT5,Blend,srgba,349680

Detailed,rustbad3.dds,512,512,None,Blend,srgba,1048704
Original,rustbad3.dds,512,512,DXT5,Blend,srgba,349680

Detailed,steam.dds,1024,1024,None,Blend,srgba,4194432
Original,steam.dds,1024,1024,DXT5,Blend,srgba,1398256

Detailed,tech2.dds,1024,1024,None,Blend,srgba,4194432
Original,tech2.dds,1024,1024,DXT5,Blend,srgba,1398256

Detailed,tech3.dds,1024,1024,None,Blend,srgba,4194432
Original,tech3.dds,1024,1024,DXT5,Blend,srgba,1398256

Detailed,tech4.dds,1024,1024,None,Blend,srgba,4194432
Original,tech4.dds,1024,1024,DXT5,Blend,srgba,1398256

Detailed,tech5r.dds,1024,1024,None,Blend,srgba,4194432
Original,tech5r.dds,1024,1024,DXT5,Blend,srgba,1398256

Detailed,weapon4_texture.dds,1024,1024,None,Blend,srgba,4194432
Original,weapon4_texture.dds,1024,1024,DXT5,Blend,srgba,1398256

Detailed,canyonrock.dds,2048,2048,None,Blend,srgba,16777344
Original,canyonrock.dds,2048,2048,DXT1,Blend,srgba,2796344

Detailed,canyonrock_N.dds,2048,2048,None,Blend,srgba,16777344
Original,canyonrock_N.dds,2048,2048,DXT1,Undefined,srgb,2796344

Detailed,canyonsandrock.dds,2048,2048,None,Blend,srgba,16777344
Original,canyonsandrock.dds,2048,2048,DXT1,Blend,srgba,2796344

Detailed,canyonsandrock_n.dds,2048,2048,None,Blend,srgba,16777344
Original,canyonsandrock_n.dds,2048,2048,DXT1,Undefined,srgb,2796344

Detailed,Cliffs01.dds,2048,2048,None,Blend,srgba,16777344
Original,Cliffs01.dds,2048,2048,DXT5,Blend,srgba,5592560

Detailed,Cliffs01_n.dds,2048,2048,None,Blend,srgba,16777344
Original,Cliffs01_n.dds,2048,2048,DXT1,Undefined,srgb,2796344

Detailed,_overlay.dds,1024,1024,None,Blend,srgba,4194432
Original,_overlay.dds,1024,1024,DXT1,Undefined,srgb,524416

Detailed,randomredrock.dds,512,512,None,Blend,srgba,1048704
Original,randomredrock.dds,512,512,DXT1,Blend,srgba,174920

Detailed,randomredrock_N.dds,512,512,None,Blend,srgba,1048704
Original,randomredrock_N.dds,512,512,DXT1,Undefined,srgb,174920

Detailed,Sand01bc.dds,2048,2048,DXT5,Blend,srgba,5592560
Original,Sand01bc.dds,2048,2048,DXT5,Blend,srgba,5592560

Detailed,Sand01bc_n.dds,2048,2048,None,Blend,srgba,16777344
Original,Sand01bc_n.dds,2048,2048,DXT1,Undefined,srgb,2796344

Detailed,SandDarkSlope1.dds,2048,2048,DXT5,Blend,srgba,5592560
Original,SandDarkSlope1.dds,2048,2048,DXT5,Blend,srgba,5592560

Detailed,SandDarkSlope1_n.dds,2048,2048,None,Blend,srgba,16777344
Original,SandDarkSlope1_n.dds,2048,2048,DXT5,Blend,srgba,5592560

Detailed,AshDomeComplex_DIF.dds,2048,2048,None,Blend,srgba,16777344
Original,AshDomeComplex_DIF.dds,2048,2048,DXT5,Blend,srgba,5592560

Detailed,AshDomeComplex-INT_DIF.dds,2048,2048,None,Blend,srgba,16777344
Original,AshDomeComplex-INT_DIF.dds,2048,2048,DXT5,Blend,srgba,5592560

Detailed,AshDomeComplex-INT_NML.dds,2048,2048,None,Blend,srgba,16777344
Original,AshDomeComplex-INT_NML.dds,2048,2048,DXT1,Undefined,srgb,2796344

Detailed,AshDomeComplex-METALNESS.dds,1024,1024,None,Blend,srgba,4194432
Original,AshDomeComplex-METALNESS.dds,1024,1024,DXT1,Undefined,srgb,699192

Detailed,AshDomeComplex_NML.dds,2048,2048,None,Blend,srgba,16777344
Original,AshDomeComplex_NML.dds,2048,2048,DXT1,Undefined,srgb,2796344

Detailed,AshDome_Spokes_DIF.dds,2048,2048,None,Blend,srgba,16777344
Original,AshDome_Spokes_DIF.dds,2048,2048,DXT5,Blend,srgba,5592560

Detailed,AshDome_Spokes_NML.dds,2048,2048,None,Blend,srgba,16777344
Original,AshDome_Spokes_NML.dds,2048,2048,DXT1,Undefined,srgb,2796344

Detailed,Brown_CanyonWrecks_DIF.dds,2048,2048,None,Blend,srgba,16777344
Original,Brown_CanyonWrecks_DIF.dds,2048,2048,DXT5,Blend,srgba,5592560

Detailed,Brown_CanyonWrecks_NML.dds,2048,2048,None,Blend,srgba,16777344
Original,Brown_CanyonWrecks_NML.dds,2048,2048,DXT1,Undefined,srgb,2796344

Detailed,Crumbler_Building_DIF.dds,2048,2048,None,Blend,srgba,16777344
Original,Crumbler_Building_DIF.dds,2048,2048,DXT5,Blend,srgba,5592560

Detailed,Crumbler_Building_NML.dds,2048,2048,None,Blend,srgba,16777344
Original,Crumbler_Building_NML.dds,2048,2048,DXT1,Undefined,srgb,2796344

Detailed,DirtPLates-RUSTY_DIF.dds,2048,2048,None,Blend,srgba,16777344
Original,DirtPLates-RUSTY_DIF.dds,2048,2048,DXT5,Blend,srgba,5592560

Detailed,DirtPLates-RUSTY_NML.dds,2048,2048,None,Blend,srgba,16777344
Original,DirtPLates-RUSTY_NML.dds,2048,2048,DXT1,Undefined,srgb,2796344

Detailed,Fractal-Distiller_SKIN_DIF.dds,2048,2048,None,Blend,srgba,16777344
Original,Fractal-Distiller_SKIN_DIF.dds,2048,2048,DXT5,Blend,srgba,5592560

Detailed,Fractal-Distiller_SKIN_NML.dds,2048,2048,None,Blend,srgba,16777344
Original,Fractal-Distiller_SKIN_NML.dds,2048,2048,DXT1,Undefined,srgb,2796344

Detailed,_New-House_components_DIF.dds,2048,2048,None,Blend,srgba,16777344
Original,_New-House_components_DIF.dds,2048,2048,DXT5,Blend,srgba,5592560

Detailed,_New-House_components_NML.dds,2048,2048,None,Blend,srgba,16777344
Original,_New-House_components_NML.dds,2048,2048,DXT5,Blend,srgba,5592560

Detailed,OldTimber_DIF.dds,2048,2048,None,Blend,srgba,16777344
Original,OldTimber_DIF.dds,2048,2048,DXT5,Blend,srgba,5592560

Detailed,OldTimber_NML.dds,2048,2048,None,Blend,srgba,16777344
Original,OldTimber_NML.dds,2048,2048,DXT1,Undefined,srgb,2796344

Detailed,Pontoon_Bridge_DIF.dds,2048,2048,None,Blend,srgba,16777344
Original,Pontoon_Bridge_DIF.dds,2048,2048,DXT5,Blend,srgba,5592560

Detailed,Pontoon_Bridge_NML.dds,2048,2048,None,Blend,srgba,16777344
Original,Pontoon_Bridge_NML.dds,2048,2048,DXT1,Undefined,srgb,2796344

Detailed,ScaffEquip_DIF.dds,2048,2048,None,Blend,srgba,16777344
Original,ScaffEquip_DIF.dds,2048,2048,DXT5,Blend,srgba,5592560

Detailed,ScaffEquip_NML.dds,2048,2048,None,Blend,srgba,16777344
Original,ScaffEquip_NML.dds,2048,2048,DXT1,Undefined,srgb,2796344

